日期,股票代码,开盘,收盘,最高,最低,成交量,成交额,振幅,涨跌幅,涨跌额,换手率
2004-01-30,000100,2.07,2.39,2.5,2.06,5030933,3679122944.0,50.0,171.59,1.51,50.59
2004-02-06,000100,2.71,3.04,3.24,2.49,6957011,5950517248.0,31.38,27.2,0.65,69.96
2004-02-13,000100,3.04,2.84,3.11,2.79,3347744,2971881696.0,10.53,-6.58,-0.2,33.67
2004-02-20,000100,2.84,2.83,3.01,2.76,2333824,2028806048.0,8.8,-0.35,-0.01,23.47
2004-02-27,000100,2.83,2.65,2.84,2.55,2246108,1861181824.0,10.25,-6.36,-0.18,22.59
2004-03-05,000100,2.65,2.55,2.77,2.54,1369337,1114480640.0,8.68,-3.77,-0.1,13.77
2004-03-12,000100,2.53,2.48,2.56,2.41,989749,771334848.0,5.88,-2.75,-0.07,9.95
2004-03-19,000100,2.48,2.66,2.71,2.47,1399148,1129375568.0,9.68,7.26,0.18,14.07
2004-03-26,000100,2.65,2.64,2.7,2.55,880823,713625816.0,5.64,-0.75,-0.02,8.86
2004-04-02,000100,2.64,2.33,2.68,2.23,1783530,1348059936.0,17.05,-11.74,-0.31,17.94
2004-04-09,000100,2.3,2.25,2.43,2.23,1475658,1093968272.0,8.58,-3.43,-0.08,14.84
2004-04-16,000100,2.24,1.98,2.3,1.83,1034144,715708976.0,20.89,-12.0,-0.27,10.4
2004-04-23,000100,1.97,2.09,2.22,1.86,1256391,864904088.0,18.18,5.56,0.11,12.63
2004-04-30,000100,2.12,2.01,2.19,1.95,431132,299605708.0,11.48,-3.83,-0.08,4.34
2004-05-14,000100,2.01,1.94,2.08,1.9,316837,213154696.0,8.96,-3.48,-0.07,3.19
2004-05-21,000100,1.92,2.01,2.04,1.81,468758,311734444.0,11.86,3.61,0.07,4.71
2004-05-28,000100,2.01,2.09,2.14,1.9,566531,385122204.0,11.94,3.98,0.08,5.7
2004-06-04,000100,2.09,2.04,2.14,1.96,529088,363740748.0,8.61,-2.39,-0.05,5.32
2004-06-11,000100,2.02,1.99,2.05,1.87,424213,283461924.0,8.82,-2.45,-0.05,4.27
2004-06-18,000100,2.03,1.99,2.11,1.95,600976,404517628.0,8.04,0.0,0.0,6.04
2004-06-25,000100,2.0,2.07,2.13,1.94,492921,333441838.0,9.55,4.02,0.08,4.96
2004-07-01,000100,2.07,2.23,2.27,2.05,1200338,844966664.0,10.63,7.73,0.16,12.07
2004-07-09,000100,2.23,2.18,2.28,2.14,684593,487117524.0,6.28,-2.24,-0.05,6.88
2004-07-16,000100,2.17,2.26,2.3,2.09,664856,473221136.0,9.63,3.67,0.08,6.69
2004-07-23,000100,2.27,2.03,2.29,1.99,542491,378571492.0,13.27,-10.18,-0.23,5.46
2004-07-30,000100,2.02,1.5,2.02,1.45,1779229,1029732336.0,28.08,-26.11,-0.53,17.89
2004-08-06,000100,1.49,1.49,1.57,1.39,564708,309295052.0,12.0,-0.67,-0.01,5.68
2004-08-13,000100,1.49,1.17,1.49,1.14,658917,334531974.0,23.49,-21.48,-0.32,6.63
2004-08-20,000100,1.17,1.02,1.2,0.94,532961,245856146.0,22.22,-12.82,-0.15,5.36
2004-08-27,000100,1.01,1.04,1.09,0.94,433839,196889330.0,14.71,1.96,0.02,4.36
2004-09-03,000100,1.03,1.04,1.15,0.99,411263,187504908.0,15.38,0.0,0.0,4.14
2004-09-10,000100,1.03,0.96,1.06,0.93,221864,98427822.0,12.5,-7.69,-0.08,2.23
2004-09-17,000100,0.95,1.25,1.25,0.91,1098413,521049108.0,35.42,30.21,0.29,11.05
2004-09-24,000100,1.29,1.28,1.43,1.24,1583473,820280360.0,15.2,2.4,0.03,15.92
2004-09-30,000100,1.34,1.14,1.34,1.13,458400,224084496.0,16.41,-10.94,-0.14,4.61
2004-10-08,000100,1.13,1.16,1.19,1.05,96956,45315820.0,12.28,1.75,0.02,0.98
2004-10-15,000100,1.17,0.99,1.21,0.94,478118,222087906.0,23.28,-14.66,-0.17,4.81
2004-10-22,000100,0.99,1.03,1.06,0.92,550442,243572330.0,14.14,4.04,0.04,5.54
2004-10-29,000100,1.06,0.96,1.09,0.94,555979,249449076.0,14.56,-6.8,-0.07,5.59
2004-11-05,000100,0.97,0.75,0.98,0.71,712553,283005576.0,28.13,-21.88,-0.21,7.17
2004-11-12,000100,0.76,0.9,0.97,0.73,638682,265675688.0,32.0,20.0,0.15,6.42
2004-11-19,000100,0.91,0.87,0.93,0.82,388189,161288608.0,12.22,-3.33,-0.03,3.9
2004-11-26,000100,0.87,0.93,0.99,0.86,665641,287465372.0,14.94,6.9,0.06,6.69
2004-12-03,000100,0.93,0.91,0.94,0.89,280633,119672962.0,5.38,-2.15,-0.02,2.82
2004-12-10,000100,0.91,0.84,0.93,0.83,351296,146942644.0,10.99,-7.69,-0.07,3.53
2004-12-17,000100,0.82,0.76,0.83,0.74,305940,120998249.0,10.71,-9.52,-0.08,3.08
2004-12-24,000100,0.75,0.66,0.77,0.57,668597,249440970.0,26.32,-13.16,-0.1,6.72
2004-12-31,000100,0.65,0.62,0.69,0.57,441529,159781169.0,18.18,-6.06,-0.04,4.44
2005-01-07,000100,0.6,0.64,0.68,0.58,208031,75974037.0,16.13,3.23,0.02,2.09
2005-01-14,000100,0.64,0.64,0.74,0.61,347307,130223425.0,20.31,0.0,0.0,3.49
2005-01-21,000100,0.64,0.67,0.69,0.59,274721,100368819.0,15.63,4.69,0.03,2.76
2005-01-28,000100,0.72,0.61,0.74,0.6,315186,117378725.0,20.9,-8.96,-0.06,3.17
2005-02-04,000100,0.59,0.54,0.6,0.44,527367,178863368.0,26.23,-11.48,-0.07,5.3
2005-02-18,000100,0.58,0.57,0.63,0.56,257971,91858802.0,12.96,5.56,0.03,2.59
2005-02-25,000100,0.57,0.77,0.85,0.56,1675354,660383074.0,50.88,35.09,0.2,16.85
2005-03-04,000100,0.77,0.73,0.79,0.67,627761,242673248.0,15.58,-5.19,-0.04,6.31
2005-03-11,000100,0.74,0.7,0.78,0.69,563677,219018536.0,12.33,-4.11,-0.03,5.67
2005-03-18,000100,0.71,0.54,0.73,0.53,454894,165717874.0,28.57,-22.86,-0.16,4.57
2005-03-25,000100,0.53,0.53,0.56,0.48,278806,94660586.0,14.81,-1.85,-0.01,2.8
2005-04-01,000100,0.52,0.57,0.63,0.47,421043,144685189.0,30.19,7.55,0.04,4.23
2005-04-08,000100,0.55,0.6,0.61,0.47,510744,176274510.0,24.56,5.26,0.03,5.14
2005-04-15,000100,0.61,0.48,0.73,0.47,1193110,423759184.0,43.33,-20.0,-0.12,12.0
2005-04-22,000100,0.35,0.23,0.42,0.2,803285,233389454.0,45.83,-52.08,-0.25,8.08
2005-04-29,000100,0.22,0.14,0.22,0.1,570624,147657382.0,52.17,-39.13,-0.09,5.74
2005-05-12,000100,0.14,-0.03,0.14,-0.08,536130,116381558.0,157.14,-121.43,-0.17,5.39
2005-05-20,000100,-0.02,0.01,0.04,-0.02,377172,86042004.0,-200.0,133.33,0.04,3.79
2005-05-27,000100,0.01,-0.01,0.02,-0.06,335163,74614127.0,800.0,-200.0,-0.02,3.37
2005-06-03,000100,-0.02,-0.05,0.0,-0.06,370736,81056904.0,-600.0,-400.0,-0.04,3.73
2005-06-10,000100,-0.06,0.09,0.15,-0.07,1557278,370061782.0,-440.0,280.0,0.14,15.66
2005-06-17,000100,0.09,0.0,0.09,-0.02,616239,143516578.0,122.22,-100.0,-0.09,6.2
2005-06-24,000100,0.03,-0.02,0.04,-0.03,342497,77713674.0,-7999.89,0.0,-0.02,3.44
2005-07-01,000100,-0.01,-0.11,0.03,-0.12,437987,95578655.0,-750.0,-450.0,-0.09,4.4
2005-07-08,000100,-0.11,-0.16,-0.11,-0.17,273123,52824063.5,-54.55,-45.45,-0.05,2.75
2005-07-15,000100,-0.16,-0.18,-0.13,-0.18,305621,58544905.0,-31.25,-12.5,-0.02,3.07
2005-07-22,000100,-0.18,-0.2,-0.18,-0.24,417474,74327143.5,-33.33,-11.11,-0.02,4.2
2005-07-29,000100,-0.2,-0.15,-0.12,-0.22,780864,148181370.0,-50.0,25.0,0.05,7.85
2005-08-05,000100,-0.14,-0.06,-0.03,-0.15,1023806,207416761.0,-80.0,60.0,0.09,10.3
2005-08-12,000100,-0.05,-0.04,0.01,-0.06,1219378,262879044.0,-116.67,33.33,0.02,12.26
2005-08-19,000100,-0.04,-0.02,0.07,-0.06,1263149,282049370.0,-325.0,50.0,0.02,12.7
2005-08-26,000100,-0.02,-0.02,-0.01,-0.06,493619,105132618.0,-250.0,0.0,0.0,4.96
2005-09-02,000100,-0.02,-0.02,0.0,-0.1,984457,207632190.0,-500.0,0.0,0.0,9.9
2005-09-09,000100,-0.02,0.0,0.02,-0.03,761294,167156706.0,-250.0,100.0,0.02,7.66
2005-09-16,000100,0.0,0.04,0.09,-0.01,954822,219478744.0,2750.01,0.0,0.04,9.6
2005-09-23,000100,0.04,-0.01,0.08,-0.04,679773,154117590.0,300.0,-125.0,-0.05,6.84
2005-09-30,000100,-0.02,-0.03,-0.01,-0.05,270810,57777482.0,-400.0,-200.0,-0.02,2.72
2005-10-14,000100,-0.03,-0.07,-0.03,-0.09,312111,64302690.0,-200.0,-133.33,-0.04,3.14
2005-10-21,000100,-0.08,-0.06,-0.05,-0.09,208083,42455774.0,-57.14,14.29,0.01,2.09
2005-10-28,000100,-0.07,-0.12,-0.06,-0.18,289194,56722717.5,-200.0,-100.0,-0.06,2.91
2005-11-04,000100,-0.16,-0.08,-0.07,-0.17,303305,59942116.5,-83.33,33.33,0.04,3.05
2005-11-11,000100,-0.09,-0.09,-0.05,-0.12,330093,66921527.0,-87.5,-12.5,-0.01,3.32
2005-11-18,000100,-0.1,-0.07,-0.06,-0.11,193877,39003593.5,-55.56,22.22,0.02,1.95
2005-11-25,000100,-0.06,0.06,0.07,-0.07,1098194,242644067.0,-200.0,185.71,0.13,11.04
2005-12-09,000100,0.04,0.06,0.08,-0.04,1311372,298738194.0,200.0,0.0,0.0,13.19
2006-04-21,000100,-0.02,-0.14,0.09,-0.17,1800067,371883576.0,433.33,-333.33,-0.2,14.48
2006-04-28,000100,-0.15,-0.13,-0.11,-0.21,1349856,249466648.0,-71.43,7.14,0.01,10.86
2006-05-12,000100,-0.13,-0.06,0.03,-0.15,2830535,594460464.0,-138.46,53.85,0.07,22.77
2006-05-19,000100,-0.06,0.13,0.15,-0.08,4679164,1088010112.0,-383.33,316.67,0.19,37.65
2006-05-26,000100,0.14,0.11,0.24,0.02,2783811,689365588.0,169.23,-15.38,-0.02,22.4
2006-06-02,000100,0.11,0.18,0.22,0.06,2908825,729441056.0,145.45,63.64,0.07,23.4
2006-06-09,000100,0.18,0.01,0.22,0.0,2022750,500571256.0,122.22,-94.44,-0.17,16.27
2006-06-16,000100,0.0,0.06,0.07,-0.05,1527823,342791576.0,1200.0,500.0,0.05,12.29
2006-06-23,000100,0.04,0.03,0.05,0.0,1382546,313497572.0,83.33,-50.0,-0.03,11.12
2006-06-30,000100,0.03,0.12,0.16,0.02,2702566,661457520.0,466.67,300.0,0.09,21.74
2006-07-07,000100,0.12,0.12,0.16,0.08,1633662,404023960.0,66.67,0.0,0.0,13.14
2006-07-14,000100,0.11,0.06,0.2,0.02,2267109,560924244.0,150.0,-50.0,-0.06,18.24
2006-07-21,000100,0.05,0.09,0.13,0.04,1166503,278168068.0,150.0,50.0,0.03,9.39
2006-07-28,000100,0.07,0.04,0.1,0.03,698048,163787836.0,77.78,-55.56,-0.05,5.62
2006-08-04,000100,0.04,-0.06,0.04,-0.06,608377,132722474.0,250.0,-250.0,-0.1,4.89
2006-08-11,000100,-0.07,-0.04,-0.03,-0.1,493360,101931864.0,-116.67,33.33,0.02,3.97
2006-08-18,000100,-0.03,-0.02,-0.01,-0.08,582744,122874156.0,-175.0,50.0,0.02,4.69
2006-08-25,000100,-0.05,-0.04,-0.01,-0.07,476855,101725748.0,-300.0,-100.0,-0.02,3.84
2006-09-01,000100,-0.03,-0.01,0.02,-0.04,1241724,271287950.0,-150.0,75.0,0.03,9.99
2006-09-08,000100,-0.02,-0.03,-0.01,-0.05,711102,152656640.0,-400.0,-200.0,-0.02,5.72
2006-09-15,000100,-0.03,-0.01,0.02,-0.04,1431978,315062312.0,-200.0,66.67,0.02,11.52
2006-09-22,000100,-0.01,-0.02,0.01,-0.02,668967,146483312.0,-300.0,-100.0,-0.01,5.38
2006-09-29,000100,-0.02,0.02,0.04,-0.03,1200324,268170018.0,-350.0,200.0,0.04,9.66
2006-10-13,000100,0.03,0.02,0.05,0.01,777351,176844464.0,200.0,0.0,0.0,6.25
2006-10-20,000100,0.02,0.04,0.05,0.01,903706,204690942.0,200.0,100.0,0.02,7.27
2006-10-26,000100,0.04,0.05,0.08,0.02,1359905,315181160.0,150.0,25.0,0.01,10.94
2006-11-03,000100,0.04,0.0,0.05,-0.02,1305443,287741680.0,140.0,-100.0,-0.05,10.5
2006-11-10,000100,-0.01,-0.04,0.01,-0.05,1129054,243975788.0,-6999.9,0.0,-0.04,9.08
2006-11-17,000100,-0.05,-0.04,-0.02,-0.1,1207216,252135380.0,-200.0,0.0,0.0,9.71
2006-11-24,000100,-0.04,-0.02,-0.01,-0.05,1429081,306741600.0,-100.0,50.0,0.02,11.5
2006-12-01,000100,-0.01,0.04,0.06,-0.03,2185957,493656320.0,-450.0,300.0,0.06,17.59
2006-12-08,000100,0.04,0.11,0.26,0.02,5745775,1459519112.0,600.0,175.0,0.07,46.23
2006-12-15,000100,0.09,0.14,0.16,0.09,2218763,548287264.0,63.64,27.27,0.03,17.85
2006-12-22,000100,0.14,0.1,0.19,0.09,2389541,607724368.0,71.43,-28.57,-0.04,19.23
2006-12-29,000100,0.1,0.07,0.13,0.05,1576101,377740460.0,80.0,-30.0,-0.03,12.68
2007-01-05,000100,0.08,0.11,0.13,0.05,828273,200688856.0,114.29,57.14,0.04,6.66
2007-01-12,000100,0.12,0.23,0.43,0.1,6153722,1716396400.0,300.0,109.09,0.12,49.51
2007-01-19,000100,0.16,0.49,0.54,0.16,5561517,1671528224.0,165.22,113.04,0.26,44.75
2007-01-26,000100,0.51,0.59,0.69,0.46,5238585,1806526848.0,46.94,20.41,0.1,42.15
2007-02-02,000100,0.62,0.51,0.69,0.46,4853937,1685280640.0,38.98,-13.56,-0.08,39.05
2007-02-09,000100,0.48,0.6,0.65,0.48,2319541,805046584.0,33.33,17.65,0.09,18.66
2007-02-16,000100,0.6,0.74,0.79,0.54,3859679,1407636672.0,41.67,23.33,0.14,31.05
2007-03-02,000100,0.76,0.83,1.01,0.69,5057584,2056904960.0,43.24,12.16,0.09,40.69
2007-03-09,000100,0.83,0.84,0.9,0.73,2958217,1194303328.0,20.48,1.2,0.01,23.8
2007-03-16,000100,0.84,0.85,1.0,0.8,3955522,1668424448.0,23.81,1.19,0.01,31.82
2007-03-23,000100,0.79,0.91,0.99,0.75,3378759,1425650128.0,28.24,7.06,0.06,27.18
2007-03-30,000100,0.92,1.14,1.26,0.92,5685441,2666374112.0,37.36,25.27,0.23,45.74
2007-04-06,000100,1.14,1.09,1.24,1.02,5226141,2435360640.0,19.3,-4.39,-0.05,42.05
2007-04-13,000100,1.09,1.21,1.31,1.01,6574281,3119704992.0,27.52,11.01,0.12,52.89
2007-04-20,000100,1.2,1.41,1.54,1.16,9380315,4860758816.0,31.4,16.53,0.2,41.13
2007-04-27,000100,1.41,1.34,1.46,1.32,9674982,5083394304.0,9.93,-4.96,-0.07,42.42
2007-05-11,000100,1.34,1.62,1.62,1.28,7368035,3921036672.0,25.37,20.9,0.28,32.31
2007-05-18,000100,1.74,1.92,1.92,1.66,6314631,3878481472.0,16.05,18.52,0.3,27.69
2007-05-25,000100,2.04,2.55,2.55,1.94,7963516,5932944668.0,31.77,32.81,0.63,34.92
2007-06-01,000100,2.69,2.03,2.69,2.03,3617758,2773978112.0,25.88,-20.39,-0.52,15.86
2007-06-08,000100,1.88,1.78,1.88,1.5,7056063,4127089584.0,18.72,-12.32,-0.25,30.94
2007-06-15,000100,1.86,1.84,1.86,1.56,7495050,4491088896.0,16.85,3.37,0.06,32.86
2007-06-22,000100,1.99,1.83,2.14,1.83,3923481,2621434560.0,16.85,-0.54,-0.01,17.2
2007-06-29,000100,1.69,1.21,1.69,1.21,4138866,2230504352.0,26.23,-33.88,-0.62,18.15
2007-07-06,000100,1.1,1.13,1.29,1.01,3005595,1405911904.0,23.14,-6.61,-0.08,13.18
2007-07-13,000100,1.15,1.04,1.23,0.99,2158012,1000599928.0,21.24,-7.96,-0.09,9.46
2007-07-20,000100,1.01,1.07,1.11,0.84,2653683,1151810688.0,25.96,2.88,0.03,11.64
2007-07-27,000100,1.06,1.29,1.32,1.04,3316255,1591147536.0,26.17,20.56,0.22,14.54
2007-08-03,000100,1.29,1.27,1.46,1.2,3698929,1886201504.0,20.16,-1.55,-0.02,16.22
2007-08-10,000100,1.3,1.19,1.41,1.16,3345924,1687838272.0,19.69,-6.3,-0.08,14.67
2007-08-17,000100,1.18,1.28,1.34,1.09,3273128,1620137792.0,21.01,7.56,0.09,14.35
2007-08-24,000100,1.32,1.44,1.52,1.28,5572330,2947616192.0,18.75,12.5,0.16,24.43
2007-08-31,000100,1.45,1.43,1.48,1.3,4232391,2226231520.0,12.5,-0.69,-0.01,18.56
2007-09-07,000100,1.5,1.65,1.76,1.45,5506364,3173488288.0,21.68,15.38,0.22,24.14
2007-09-14,000100,1.65,1.5,1.7,1.42,3777064,2114082720.0,16.97,-9.09,-0.15,16.56
2007-09-21,000100,1.5,1.75,1.76,1.48,4762452,2750158784.0,18.67,16.67,0.25,20.88
2007-09-28,000100,1.8,1.69,1.84,1.65,3362683,2035371920.0,10.86,-3.43,-0.06,14.74
2007-10-12,000100,1.72,1.45,1.74,1.42,2878356,1637357616.0,18.93,-14.2,-0.24,12.62
2007-10-19,000100,1.45,1.47,1.68,1.37,2771787,1556953992.0,21.38,1.38,0.02,12.15
2007-10-26,000100,1.46,1.1,1.49,1.1,1755009,880594272.0,26.53,-25.17,-0.37,7.7
2007-11-02,000100,1.11,1.19,1.41,1.04,1670110,829816216.0,33.64,8.18,0.09,7.32
2007-11-09,000100,1.19,1.24,1.31,1.15,1124165,554771112.0,13.45,4.2,0.05,4.93
2007-11-16,000100,1.2,1.34,1.34,1.14,1285729,640791880.0,16.13,8.06,0.1,5.64
2007-11-23,000100,1.34,1.24,1.4,1.18,1374674,700940840.0,16.42,-7.46,-0.1,6.03
2007-11-27,000100,1.27,1.19,1.29,1.19,304082,149151064.0,8.06,-4.03,-0.05,1.33
2007-12-07,000100,1.3,1.35,1.41,1.3,1284248,664812686.0,9.24,13.45,0.16,5.63
2007-12-14,000100,1.32,1.38,1.46,1.3,1749385,921956912.0,11.85,2.22,0.03,7.67
2007-12-21,000100,1.39,1.45,1.48,1.38,869098,464837984.0,7.25,5.07,0.07,3.81
2007-12-28,000100,1.49,1.65,1.72,1.45,2816012,1601376416.0,18.62,13.79,0.2,12.35
2008-01-04,000100,1.67,1.74,1.8,1.64,1508991,905929504.0,9.7,5.45,0.09,6.62
2008-01-11,000100,1.73,1.63,1.74,1.59,2392591,1408830544.0,8.62,-6.32,-0.11,10.49
2008-01-18,000100,1.63,1.75,1.84,1.6,3613943,2178899168.0,14.72,7.36,0.12,15.85
2008-01-25,000100,1.76,1.56,1.77,1.39,2394404,1343792720.0,21.71,-10.86,-0.19,10.5
2008-02-01,000100,1.56,1.34,1.56,1.31,1685520,908086096.0,16.03,-14.1,-0.22,7.39
2008-02-05,000100,1.39,1.46,1.52,1.36,542781,293041040.0,11.94,8.96,0.12,2.38
2008-02-15,000100,1.46,1.5,1.54,1.42,522185,287127840.0,8.22,2.74,0.04,2.29
2008-02-22,000100,1.5,1.6,1.69,1.49,2140647,1215478032.0,13.33,6.67,0.1,9.39
2008-02-29,000100,1.6,1.67,1.68,1.51,1311111,750159800.0,10.63,4.38,0.07,5.75
2008-03-07,000100,1.75,1.76,1.91,1.69,3106789,1898883920.0,13.17,5.39,0.09,13.62
2008-03-14,000100,1.74,1.7,1.83,1.58,1626263,975133456.0,14.2,-3.41,-0.06,7.13
2008-03-21,000100,1.71,1.47,1.72,1.31,1855171,1003100960.0,24.12,-13.53,-0.23,8.13
2008-03-28,000100,1.5,1.66,1.66,1.32,2106345,1187599056.0,23.13,12.93,0.19,9.24
2008-04-03,000100,1.68,1.36,1.85,1.19,3381031,1930476640.0,39.76,-18.07,-0.3,14.83
2008-04-11,000100,1.31,1.52,1.67,1.27,1842287,1015651440.0,29.41,11.76,0.16,8.08
2008-04-18,000100,1.45,1.06,1.47,1.04,1385947,696851088.0,28.29,-30.26,-0.46,6.08
2008-04-25,000100,1.21,1.3,1.39,0.9,1973738,965731384.0,46.23,22.64,0.24,7.85
2008-04-30,000100,1.27,1.44,1.5,1.23,1137769,597826400.0,20.77,10.77,0.14,4.53
2008-05-09,000100,1.48,1.55,1.77,1.43,4206758,2437115408.0,23.61,7.64,0.11,16.74
2008-05-16,000100,1.51,1.58,1.63,1.42,2118799,1184703984.0,13.55,1.94,0.03,8.43
2008-05-23,000100,1.59,1.49,1.62,1.27,2024004,1092386960.0,22.15,-5.7,-0.09,8.05
2008-05-30,000100,1.54,1.42,1.6,1.39,1765860,964586624.0,14.09,-4.7,-0.07,7.03
2008-06-06,000100,1.43,1.34,1.54,1.32,1093071,581854888.0,15.49,-5.63,-0.08,4.35
2008-06-13,000100,1.26,1.01,1.28,1.01,956952,447457464.0,20.15,-24.63,-0.33,3.81
2008-06-19,000100,1.01,0.83,1.05,0.83,979582,421476496.0,21.78,-17.82,-0.18,3.9
2008-06-27,000100,0.89,0.84,1.01,0.83,1053467,444585876.0,21.69,1.2,0.01,4.19
2008-07-04,000100,0.83,0.85,0.94,0.81,814962,333605052.0,15.48,1.19,0.01,3.24
2008-07-11,000100,0.86,0.97,1.04,0.85,1758474,765771728.0,22.35,14.12,0.12,7.0
2008-07-18,000100,0.95,0.91,1.03,0.85,835551,355445384.0,18.56,-6.19,-0.06,3.33
2008-07-25,000100,0.91,1.08,1.18,0.89,1967047,877528576.0,31.87,18.68,0.17,7.83
2008-08-01,000100,1.07,0.95,1.1,0.89,878630,388101296.0,19.44,-12.04,-0.13,3.5
2008-08-08,000100,0.94,0.78,0.94,0.76,618399,255688836.0,18.95,-17.89,-0.17,2.46
2008-08-15,000100,0.76,0.59,0.78,0.52,675472,240959488.0,33.33,-24.36,-0.19,2.69
2008-08-22,000100,0.58,0.48,0.6,0.38,820193,271965704.0,37.29,-18.64,-0.11,3.26
2008-08-29,000100,0.48,0.48,0.5,0.39,466297,147329250.0,22.92,0.0,0.0,1.86
2008-09-05,000100,0.47,0.39,0.51,0.39,603324,194085172.0,25.0,-18.75,-0.09,2.4
2008-09-12,000100,0.39,0.33,0.41,0.32,445376,132109838.0,23.08,-15.38,-0.06,1.77
2008-09-19,000100,0.33,0.3,0.33,0.11,629293,173076122.0,66.67,-9.09,-0.03,2.5
2008-09-26,000100,0.4,0.31,0.43,0.22,1274756,370433732.0,70.0,3.33,0.01,5.07
2008-10-09,000100,0.29,0.18,0.29,0.17,482468,129712654.0,38.71,-41.94,-0.13,1.92
2008-10-17,000100,0.12,0.08,0.22,0.06,633713,155716344.0,88.89,-55.56,-0.1,2.52
2008-10-24,000100,0.08,0.07,0.14,0.06,549964,132631972.0,100.0,-12.5,-0.01,2.19
2008-10-31,000100,0.06,-0.05,0.06,-0.08,706271,152354656.0,200.0,-171.43,-0.12,2.81
2008-11-07,000100,-0.06,-0.03,-0.02,-0.09,523508,109137004.0,-140.0,40.0,0.02,2.08
2008-11-14,000100,-0.02,0.17,0.2,-0.03,2053500,489496200.0,-766.67,666.67,0.2,8.17
2008-11-20,000100,0.15,0.29,0.31,0.07,3558590,952511960.0,141.18,70.59,0.12,14.16
2008-11-28,000100,0.23,0.13,0.25,0.1,1896831,492974768.0,51.72,-55.17,-0.16,7.55
2008-12-05,000100,0.17,0.35,0.37,0.16,4714702,1341002144.0,161.54,169.23,0.22,18.76
2008-12-12,000100,0.35,0.28,0.38,0.24,2811635,819056720.0,40.0,-20.0,-0.07,11.19
2008-12-19,000100,0.3,0.34,0.36,0.23,1677755,481188192.0,46.43,21.43,0.06,6.68
2008-12-26,000100,0.35,0.26,0.39,0.23,2139340,621827428.0,47.06,-23.53,-0.08,8.51
2008-12-31,000100,0.26,0.19,0.27,0.19,498321,135144416.0,30.77,-26.92,-0.07,2.06
2009-01-09,000100,0.24,0.24,0.29,0.21,991604,272658584.0,42.11,26.32,0.05,4.09
2009-01-16,000100,0.25,0.28,0.3,0.23,1056826,295947396.0,29.17,16.67,0.04,4.36
2009-01-23,000100,0.29,0.29,0.34,0.28,1412898,404949992.0,21.43,3.57,0.01,5.83
2009-02-05,000100,0.3,0.35,0.42,0.29,2370507,709814720.0,44.83,20.69,0.06,9.78
2009-02-13,000100,0.47,0.69,0.74,0.42,5817040,1982033664.0,91.43,97.14,0.34,24.0
2009-02-20,000100,0.72,0.69,0.75,0.56,4264176,1554593760.0,27.54,0.0,0.0,17.59
2009-02-27,000100,0.69,0.47,0.9,0.45,6074958,2320558224.0,65.22,-31.88,-0.22,25.07
2009-03-06,000100,0.45,0.57,0.63,0.44,2518451,860879824.0,40.43,21.28,0.1,10.39
2009-03-13,000100,0.59,0.51,0.59,0.46,1483442,497255352.0,22.81,-10.53,-0.06,6.12
2009-03-20,000100,0.51,0.58,0.61,0.47,2175751,750452680.0,27.45,13.73,0.07,8.98
2009-03-27,000100,0.58,0.64,0.68,0.55,2762260,983700928.0,22.41,10.34,0.06,11.4
2009-04-03,000100,0.64,0.63,0.71,0.58,2969098,1078630752.0,20.31,-1.56,-0.01,12.25
2009-04-10,000100,0.64,0.64,0.64,0.54,1664440,586920936.0,15.87,1.59,0.01,6.87
2009-04-17,000100,0.64,0.74,0.81,0.63,4970615,1877295504.0,28.13,15.63,0.1,20.51
2009-04-24,000100,0.75,0.85,0.85,0.64,4777634,1866375584.0,28.38,14.86,0.11,19.71
2009-04-30,000100,0.85,0.69,0.85,0.61,3350014,1254919744.0,28.24,-18.82,-0.16,13.82
2009-05-08,000100,0.69,0.73,0.78,0.68,3370433,1284142656.0,14.49,5.8,0.04,13.5
2009-05-15,000100,0.73,0.75,0.76,0.66,2801601,1062888656.0,13.7,2.74,0.02,11.22
2009-05-21,000100,0.74,0.71,0.83,0.7,2879702,1115277872.0,17.33,-5.33,-0.04,11.53
2009-05-27,000100,0.68,0.7,0.74,0.66,984025,368250968.0,11.27,-1.41,-0.01,3.94
2009-06-05,000100,0.71,0.77,0.79,0.69,2964934,1129831040.0,14.29,10.0,0.07,11.87
2009-06-12,000100,0.76,0.72,0.82,0.7,3797585,1476860544.0,15.58,-6.49,-0.05,15.21
2009-06-19,000100,0.71,0.76,0.78,0.71,2032764,782144912.0,9.72,5.56,0.04,8.14
2009-06-26,000100,0.77,0.75,0.8,0.73,2465470,960214480.0,9.21,-1.32,-0.01,9.87
2009-07-03,000100,0.75,0.78,0.79,0.73,2271100,878394992.0,8.0,4.0,0.03,9.09
2009-07-10,000100,0.78,0.83,0.89,0.76,4272737,1710789936.0,16.67,6.41,0.05,17.11
2009-07-17,000100,0.82,0.82,0.89,0.81,3246548,1316887472.0,9.64,-1.2,-0.01,13.0
2009-07-24,000100,0.83,0.84,0.87,0.81,3496975,1417145072.0,7.32,2.44,0.02,14.0
2009-07-31,000100,0.84,0.94,0.98,0.75,6119075,2560379200.0,27.38,11.9,0.1,24.5
2009-08-07,000100,0.95,0.87,0.99,0.86,4063070,1729679072.0,13.83,-7.45,-0.07,16.27
2009-08-14,000100,0.89,0.69,0.9,0.68,2141827,851986240.0,25.29,-20.69,-0.18,8.58
2009-08-20,000100,0.69,0.6,0.69,0.53,1739432,609135552.0,23.19,-13.04,-0.09,6.97
2009-08-28,000100,0.63,0.62,0.66,0.55,1940195,693694336.0,18.33,3.33,0.02,7.77
2009-09-04,000100,0.6,0.59,0.61,0.51,1435387,494277668.0,16.13,-4.84,-0.03,5.75
2009-09-11,000100,0.6,0.6,0.63,0.58,1473301,518579632.0,8.47,1.69,0.01,5.9
2009-09-18,000100,0.62,0.71,0.8,0.61,2907739,1087186576.0,31.67,18.33,0.11,11.64
2009-09-25,000100,0.69,0.63,0.76,0.58,1789776,661132600.0,25.35,-11.27,-0.08,7.17
2009-09-30,000100,0.62,0.58,0.64,0.53,661677,229300524.0,17.46,-7.94,-0.05,2.65
2009-10-09,000100,0.59,0.63,0.63,0.59,225960,80470072.0,6.9,8.62,0.05,0.9
2009-10-16,000100,0.63,0.64,0.69,0.62,1339359,487619048.0,11.11,1.59,0.01,5.36
2009-10-23,000100,0.64,0.73,0.74,0.64,2299693,860568368.0,15.63,14.06,0.09,9.21
2009-10-29,000100,0.73,0.76,0.84,0.67,2638102,1016590432.0,23.29,4.11,0.03,10.56
2009-11-04,000100,0.73,0.89,0.94,0.71,2638008,1074813664.0,30.26,17.11,0.13,10.56
2009-11-20,000100,1.08,1.34,1.49,1.08,7779499,3971717304.0,46.07,50.56,0.45,31.15
2009-11-27,000100,1.33,1.13,1.38,1.07,5536153,2722461760.0,23.13,-15.67,-0.21,22.17
2009-12-04,000100,1.15,1.2,1.34,1.14,3281254,1619622816.0,17.7,6.19,0.07,13.14
2009-12-11,000100,1.21,1.24,1.29,1.16,2538731,1239663488.0,10.83,3.33,0.04,10.17
2009-12-18,000100,1.24,1.04,1.24,1.03,1701536,803267584.0,16.94,-16.13,-0.2,6.81
2009-12-25,000100,1.04,1.11,1.13,1.0,1320159,600378224.0,12.5,6.73,0.07,5.29
2009-12-31,000100,1.12,1.33,1.38,1.12,4563884,2307388928.0,23.42,19.82,0.22,18.27
2010-01-08,000100,1.34,1.4,1.52,1.32,4854442,2554793952.0,15.04,5.26,0.07,19.44
2010-01-15,000100,1.44,1.68,1.74,1.34,6048890,3395339840.0,28.57,20.0,0.28,24.22
2010-01-22,000100,1.69,1.54,1.77,1.48,4401363,2561063840.0,17.26,-8.33,-0.14,17.62
2010-01-29,000100,1.51,1.46,1.55,1.34,2271371,1219559808.0,13.64,-5.19,-0.08,9.1
2010-02-05,000100,1.46,1.37,1.52,1.34,2293933,1233717696.0,12.33,-6.16,-0.09,9.19
2010-02-12,000100,1.38,1.52,1.54,1.35,1263761,679714416.0,13.87,10.95,0.15,5.06
2010-02-26,000100,1.53,1.58,1.68,1.49,2637816,1506511344.0,12.5,3.95,0.06,10.56
2010-03-05,000100,1.57,1.51,1.68,1.5,2441773,1391389104.0,11.39,-4.43,-0.07,9.78
2010-03-12,000100,1.53,1.43,1.57,1.42,1600030,876783792.0,9.93,-5.3,-0.08,6.41
2010-03-19,000100,1.41,1.48,1.49,1.35,1615201,858957440.0,9.79,3.5,0.05,6.47
2010-03-26,000100,1.52,1.44,1.58,1.4,2302216,1265714448.0,12.16,-2.7,-0.04,9.22
2010-04-02,000100,1.45,1.54,1.58,1.44,2215722,1222638856.0,9.72,6.94,0.1,8.87
2010-04-08,000100,1.54,1.45,1.57,1.44,1323330,727761312.0,8.44,-5.84,-0.09,5.3
2010-04-16,000100,1.49,1.39,1.52,1.39,1941819,1044577024.0,8.97,-4.14,-0.06,7.78
2010-04-23,000100,1.37,1.25,1.39,1.18,2172521,1094465104.0,15.11,-10.07,-0.14,8.7
2010-04-30,000100,1.25,1.04,1.27,0.94,1583475,737242560.0,26.4,-16.8,-0.21,5.65
2010-05-07,000100,0.99,0.89,1.07,0.89,1040201,455360120.0,17.31,-14.42,-0.15,3.71
2010-05-14,000100,0.9,0.95,1.0,0.88,1216028,518402720.0,13.48,6.74,0.06,4.34
2010-05-21,000100,0.92,0.74,0.93,0.67,1677816,656160160.0,27.37,-22.11,-0.21,5.99
2010-05-28,000100,0.75,0.94,0.97,0.75,2279014,929031400.0,29.73,27.03,0.2,8.14
2010-06-04,000100,0.93,0.9,0.94,0.83,1755892,729949632.0,11.7,-4.26,-0.04,6.27
2010-06-11,000100,0.86,0.89,0.94,0.84,1946575,812434856.0,11.11,-1.11,-0.01,6.95
2010-06-18,000100,0.91,0.77,0.92,0.74,656534,264720736.0,20.22,-13.48,-0.12,2.34
2010-06-25,000100,0.76,0.77,0.83,0.75,918513,362285848.0,10.39,0.0,0.0,3.28
2010-07-02,000100,0.79,0.69,0.84,0.64,1674948,641261952.0,25.97,-10.39,-0.08,5.98
2010-07-09,000100,0.67,0.79,0.8,0.64,1386339,531890568.0,23.19,14.49,0.1,4.95
2010-07-16,000100,0.79,0.74,0.79,0.71,1106437,427552284.0,10.13,-6.33,-0.05,3.95
2010-07-23,000100,0.73,0.82,0.85,0.71,2263099,901035280.0,18.92,10.81,0.08,8.08
2010-07-30,000100,0.82,0.86,0.88,0.8,2444995,993049040.0,9.76,4.88,0.04,8.73
2010-08-06,000100,0.89,0.86,0.93,0.81,2744176,1126404176.0,13.95,0.0,0.0,9.8
2010-08-13,000100,0.86,0.8,0.91,0.77,1940053,784375656.0,16.28,-6.98,-0.06,6.93
2010-08-20,000100,0.8,0.79,0.86,0.79,1891137,759299488.0,8.75,-1.25,-0.01,6.75
2010-08-27,000100,0.79,0.79,0.86,0.77,1569143,622808960.0,11.39,0.0,0.0,5.6
2010-09-03,000100,0.8,0.75,0.82,0.74,1650197,645087840.0,10.13,-5.06,-0.04,5.89
2010-09-10,000100,0.76,0.74,0.8,0.72,1527979,594656824.0,10.67,-1.33,-0.01,5.45
2010-09-17,000100,0.76,0.69,0.78,0.67,1006203,381524404.0,14.86,-6.76,-0.05,3.59
2010-09-21,000100,0.69,0.69,0.73,0.68,390083,145949652.0,7.25,0.0,0.0,1.39
2010-09-30,000100,0.7,0.7,0.78,0.69,972547,366632024.0,13.04,1.45,0.01,3.47
2010-10-08,000100,0.71,0.73,0.74,0.71,346162,131718992.0,4.29,4.29,0.03,1.24
2010-10-15,000100,0.73,0.78,0.82,0.73,3197209,1242688288.0,12.33,6.85,0.05,11.41
2010-10-22,000100,0.78,0.85,0.88,0.78,4111204,1644837408.0,12.82,8.97,0.07,14.68
2010-10-29,000100,0.85,0.8,0.9,0.79,3438577,1404485248.0,12.94,-5.88,-0.05,12.27
2010-11-05,000100,0.81,0.83,0.84,0.78,2597574,1032856528.0,7.5,3.75,0.03,9.27
2010-11-12,000100,0.85,0.72,0.89,0.72,3026879,1219617504.0,20.48,-13.25,-0.11,10.8
2010-11-19,000100,0.72,0.69,0.74,0.64,2057246,760889416.0,13.89,-4.17,-0.03,7.34
2010-11-26,000100,0.67,0.67,0.76,0.64,1785915,664437680.0,17.39,-2.9,-0.02,6.37
2010-12-03,000100,0.66,0.6,0.67,0.59,1299835,462638960.0,11.94,-10.45,-0.07,4.64
2010-12-10,000100,0.6,0.59,0.61,0.55,1153881,401118108.0,10.0,-1.67,-0.01,4.12
2010-12-17,000100,0.59,0.6,0.63,0.59,1088744,386802760.0,6.78,1.69,0.01,3.89
2010-12-24,000100,0.6,0.58,0.61,0.55,974922,339063644.0,10.0,-3.33,-0.02,3.48
2010-12-31,000100,0.57,0.56,0.59,0.54,990943,340422816.0,8.62,-3.45,-0.02,3.54
2011-01-07,000100,0.56,0.64,0.72,0.55,1679304,600388196.0,30.36,14.29,0.08,5.99
2011-01-14,000100,0.63,0.66,0.7,0.61,1567510,575438240.0,14.06,3.13,0.02,5.6
2011-01-21,000100,0.65,0.71,0.74,0.61,1776840,658622368.0,19.7,7.58,0.05,6.34
2011-01-24,000100,0.71,0.82,0.84,0.7,1134975,449257120.0,19.72,15.49,0.11,4.05
2011-02-01,000100,0.77,0.79,0.82,0.75,703429,277890864.0,8.54,-3.66,-0.03,2.51
2011-02-11,000100,0.79,0.79,0.84,0.77,1101375,438949344.0,8.86,0.0,0.0,3.93
2011-02-18,000100,0.79,0.89,0.99,0.78,4769750,1985458080.0,26.58,12.66,0.1,17.03
2011-02-24,000100,0.89,0.99,1.06,0.87,3134548,1371535696.0,21.35,11.24,0.1,11.19
2011-03-04,000100,1.07,1.11,1.21,1.04,6833904,3209283040.0,17.17,12.12,0.12,24.39
2011-03-11,000100,1.12,1.12,1.18,1.04,3722285,1725233888.0,12.61,0.9,0.01,13.29
2011-03-18,000100,1.06,1.07,1.17,0.99,3390651,1541502640.0,16.07,-4.46,-0.05,12.1
2011-03-24,000100,1.06,1.03,1.09,1.03,1244311,560687584.0,5.61,-3.74,-0.04,4.44
2011-04-01,000100,1.05,0.99,1.15,0.96,4128844,1855576112.0,18.45,-3.88,-0.04,14.74
2011-04-08,000100,1.0,1.01,1.02,0.96,1522171,665991088.0,6.06,2.02,0.02,5.43
2011-04-14,000100,1.03,1.33,1.41,1.02,5164535,2506262352.0,38.61,31.68,0.32,18.44
2011-04-21,000100,1.38,1.64,1.66,1.33,9115243,5027123968.0,24.81,23.31,0.31,32.54
2011-04-29,000100,1.68,1.57,1.9,1.49,12538622,7452298048.0,25.0,-4.27,-0.07,44.76
2011-05-06,000100,1.67,1.83,1.83,1.62,3462899,2120053504.0,13.38,16.56,0.26,12.36
2011-05-12,000100,1.87,1.82,2.04,1.76,8907389,5647581952.0,15.3,-0.55,-0.01,31.59
2011-05-20,000100,1.95,1.91,2.12,1.84,13984345,6678026368.0,15.38,4.95,0.09,24.96
2011-05-27,000100,1.88,1.37,1.89,1.36,14620027,4182779008.0,27.75,-28.27,-0.54,26.09
2011-06-03,000100,1.35,1.44,1.47,1.34,8706581,2314088384.0,9.49,5.11,0.07,15.54
2011-06-10,000100,1.42,1.75,1.88,1.39,14907659,4381413376.0,34.03,21.53,0.31,26.61
2011-06-17,000100,1.71,1.63,1.89,1.62,11156568,3378095488.0,15.43,-6.86,-0.12,19.91
2011-06-24,000100,1.62,1.71,1.74,1.53,7174361,2086886944.0,12.88,4.91,0.08,12.8
2011-07-01,000100,1.76,1.7,1.8,1.68,9021109,2715138784.0,7.02,-0.58,-0.01,16.0
2011-07-08,000100,1.7,1.73,1.8,1.69,12263352,3687681952.0,6.47,1.76,0.03,21.74
2011-07-15,000100,1.72,1.67,1.73,1.63,5450185,1604853472.0,5.78,-3.47,-0.06,9.66
2011-07-22,000100,1.67,1.54,1.68,1.53,4975712,1417754544.0,8.98,-7.78,-0.13,8.82
2011-07-29,000100,1.54,1.45,1.63,1.4,5568129,1530732416.0,14.94,-5.84,-0.09,9.87
2011-08-05,000100,1.44,1.28,1.53,1.25,7207256,1888700576.0,19.31,-11.72,-0.17,9.1
2011-08-12,000100,1.25,1.24,1.34,1.04,11942721,2889524032.0,23.44,-3.13,-0.04,15.07
2011-08-19,000100,1.26,1.14,1.29,1.1,9263102,2259502432.0,15.32,-8.06,-0.1,11.69
2011-08-26,000100,1.14,1.18,1.23,1.11,6320588,1501280480.0,10.53,3.51,0.04,7.98
2011-09-02,000100,1.17,1.1,1.21,1.08,4992223,1177737792.0,11.02,-6.78,-0.08,6.3
2011-09-09,000100,1.07,1.06,1.1,1.03,3107890,706707336.0,6.36,-3.64,-0.04,3.92
2011-09-16,000100,1.04,1.0,1.04,0.99,4533732,1007833712.0,4.72,-5.66,-0.06,5.72
2011-09-23,000100,0.99,0.91,1.02,0.86,7422286,1582798416.0,16.0,-9.0,-0.09,9.37
2011-09-30,000100,0.94,0.93,1.06,0.88,8156127,1766359696.0,19.78,2.2,0.02,10.29
2011-10-14,000100,0.94,1.08,1.16,0.92,11505692,2572507104.0,25.81,16.13,0.15,14.52
2011-10-21,000100,1.07,0.94,1.1,0.91,5563603,1218142304.0,17.59,-12.96,-0.14,7.02
2011-10-28,000100,0.94,1.04,1.08,0.92,10729345,2375253792.0,17.02,10.64,0.1,13.54
2011-11-04,000100,1.03,1.04,1.07,0.98,10032299,2242056992.0,8.65,0.0,0.0,12.66
2011-11-11,000100,1.03,0.94,1.04,0.93,9965379,2158237600.0,10.58,-9.62,-0.1,12.58
2011-11-18,000100,0.94,0.92,1.01,0.91,7951044,1712485152.0,10.64,-2.13,-0.02,10.03
2011-11-25,000100,0.92,0.87,0.93,0.86,3469067,722168536.0,7.61,-5.43,-0.05,4.38
2011-12-02,000100,0.87,0.83,0.89,0.81,4539267,923569704.0,9.2,-4.6,-0.04,5.73
2011-12-09,000100,0.82,0.78,0.83,0.78,3106445,614725808.0,6.02,-6.02,-0.05,3.92
2011-12-16,000100,0.79,0.64,0.79,0.57,4866071,886202720.0,28.21,-17.95,-0.14,6.14
2011-12-23,000100,0.62,0.62,0.66,0.55,4370540,777250696.0,17.19,-3.13,-0.02,5.52
2011-12-30,000100,0.62,0.67,0.68,0.6,4458272,805769464.0,12.9,8.06,0.05,5.63
2012-01-06,000100,0.68,0.7,0.71,0.64,3548468,655639104.0,10.45,4.48,0.03,4.47
2012-01-13,000100,0.76,0.82,0.95,0.74,12732348,2613875680.0,30.0,17.14,0.12,16.02
2012-01-20,000100,0.8,0.87,0.91,0.79,5717414,1165734448.0,14.63,6.1,0.05,7.19
2012-02-03,000100,0.88,0.87,0.88,0.84,3651522,746540776.0,4.6,0.0,0.0,4.6
2012-02-10,000100,0.87,0.9,0.94,0.83,6127999,1266469408.0,12.64,3.45,0.03,7.71
2012-02-17,000100,0.88,0.89,0.94,0.87,6614541,1382989280.0,7.78,-1.11,-0.01,8.32
2012-02-24,000100,0.91,1.13,1.16,0.9,19900034,4503085856.0,29.21,26.97,0.24,25.04
2012-03-02,000100,1.24,1.2,1.3,1.07,12315388,2927164224.0,20.35,6.19,0.07,15.5
2012-03-09,000100,1.2,1.19,1.3,1.15,13445233,3282694176.0,12.5,-0.83,-0.01,16.92
2012-03-16,000100,1.2,1.04,1.23,0.98,11124195,2576281728.0,21.01,-12.61,-0.15,14.0
2012-03-23,000100,1.04,1.02,1.09,0.97,6894782,1529463947.0,11.54,-1.92,-0.02,8.68
2012-03-30,000100,1.0,0.85,1.02,0.82,4781406,1010388219.0,19.61,-16.67,-0.17,6.02
2012-04-06,000100,0.85,0.92,0.93,0.84,2000135,417103965.0,10.59,8.24,0.07,2.52
2012-04-12,000100,0.91,1.04,1.07,0.88,7736969,1714437134.0,20.65,13.04,0.12,9.74
2012-04-20,000100,0.98,0.99,1.0,0.94,5143507,1119230061.0,5.77,-4.81,-0.05,6.47
2012-04-27,000100,0.99,0.91,0.99,0.9,5738423,1220870333.0,9.09,-8.08,-0.08,7.22
2012-05-04,000100,0.94,0.99,1.0,0.92,4072709,875173881.0,8.79,8.79,0.08,5.12
2012-05-11,000100,0.96,0.99,1.04,0.95,5674659,1235745893.0,9.09,0.0,0.0,7.14
2012-05-18,000100,1.01,1.01,1.09,0.95,7901233,1722613274.0,14.14,2.02,0.02,9.94
2012-05-25,000100,1.0,0.98,1.04,0.97,3962580,856513904.0,6.93,-2.97,-0.03,4.98
2012-06-01,000100,0.98,1.01,1.04,0.94,4881070,1054736369.0,10.2,3.06,0.03,6.14
2012-06-08,000100,0.98,0.96,0.99,0.94,3150318,665615409.0,4.95,-4.95,-0.05,3.96
2012-06-15,000100,0.95,0.95,0.98,0.94,2980424,624975826.0,4.17,-1.04,-0.01,3.75
2012-06-21,000100,0.95,0.92,0.97,0.92,1948976,407291295.0,5.26,-3.16,-0.03,2.45
2012-06-29,000100,0.92,0.89,0.93,0.85,2951618,597710467.0,8.7,-3.26,-0.03,3.71
2012-07-06,000100,0.89,0.85,0.9,0.82,3266744,652038818.0,8.99,-4.49,-0.04,4.11
2012-07-13,000100,0.84,0.81,0.85,0.79,2410613,469338918.0,7.06,-4.71,-0.04,3.04
2012-07-20,000100,0.81,0.79,0.83,0.72,4092273,773688409.0,13.58,-2.47,-0.02,5.15
2012-07-27,000100,0.77,0.75,0.79,0.74,1964281,370557270.0,6.33,-5.06,-0.04,2.47
2012-08-03,000100,0.75,0.74,0.76,0.71,1785906,331862226.0,6.67,-1.33,-0.01,2.25
2012-08-10,000100,0.74,0.77,0.83,0.73,3589344,684397028.0,13.51,4.05,0.03,4.52
2012-08-17,000100,0.77,0.77,0.79,0.74,2556997,483664036.0,6.49,0.0,0.0,3.22
2012-08-24,000100,0.76,0.74,0.77,0.74,1655452,311912227.0,3.9,-3.9,-0.03,2.09
2012-08-31,000100,0.74,0.73,0.74,0.71,1978628,365606426.0,4.05,-1.35,-0.01,2.49
2012-09-07,000100,0.72,0.74,0.78,0.68,3740767,689878799.0,13.7,1.37,0.01,4.71
2012-09-14,000100,0.74,0.84,0.9,0.73,5383101,1031092219.0,22.97,13.51,0.1,6.78
2012-09-21,000100,0.83,0.74,0.84,0.73,4788739,913010728.0,13.1,-11.9,-0.1,6.03
2012-09-28,000100,0.73,0.77,0.77,0.7,2758933,513437675.0,9.46,4.05,0.03,3.48
2012-10-12,000100,0.77,0.8,0.84,0.74,4835920,932655681.0,12.99,3.9,0.03,6.09
2012-10-19,000100,0.8,0.84,0.85,0.79,4513268,883601609.0,7.5,5.0,0.04,5.68
2012-10-26,000100,0.83,0.83,0.94,0.81,6761652,1355794455.0,15.48,-1.19,-0.01,8.52
2012-11-02,000100,0.81,0.85,0.86,0.79,4051389,796823883.0,8.43,2.41,0.02,5.1
2012-11-09,000100,0.84,0.92,0.95,0.84,6410132,1316058475.0,12.94,8.24,0.07,8.07
2012-11-16,000100,0.92,0.92,0.97,0.88,4910527,1018242967.0,9.78,0.0,0.0,6.19
2012-11-23,000100,0.92,0.97,1.0,0.89,4051328,852869900.0,11.96,5.43,0.05,5.1
2012-11-30,000100,0.97,0.96,0.97,0.86,3683056,761302987.0,11.34,-1.03,-0.01,4.64
2012-12-07,000100,0.96,1.04,1.06,0.94,5774983,1247899365.0,12.5,8.33,0.08,7.27
2012-12-14,000100,1.04,1.04,1.06,0.97,4665350,1013387690.0,8.65,0.0,0.0,5.88
2012-12-21,000100,1.04,1.04,1.06,0.97,5696228,1235367232.0,8.65,0.0,0.0,7.17
2012-12-28,000100,1.02,1.04,1.09,1.02,5937659,1310638408.0,6.73,0.0,0.0,7.48
2013-01-04,000100,1.04,1.05,1.05,1.01,2516940,550766510.0,3.85,0.96,0.01,3.18
2013-01-11,000100,1.05,1.08,1.1,1.04,7737453,1728702536.0,5.71,2.86,0.03,9.76
2013-01-18,000100,1.08,1.3,1.34,1.07,10206389,2435849088.0,25.0,20.37,0.22,12.88
2013-01-25,000100,1.32,1.24,1.33,1.21,5450874,1326839474.0,9.23,-4.62,-0.06,6.88
2013-02-01,000100,1.24,1.22,1.29,1.19,5167362,1242783764.0,8.06,-1.61,-0.02,6.52
2013-02-08,000100,1.22,1.27,1.3,1.14,6193172,1475204361.0,13.11,4.1,0.05,7.81
2013-02-22,000100,1.28,1.16,1.29,1.16,4154943,992614893.0,10.24,-8.66,-0.11,5.24
2013-03-01,000100,1.16,1.24,1.29,1.16,6734850,1626674027.0,11.21,6.9,0.08,8.5
2013-03-08,000100,1.23,1.4,1.54,1.18,10856718,2780608132.0,29.03,12.9,0.16,13.7
2013-03-15,000100,1.39,1.34,1.5,1.3,5616010,1451150133.0,14.29,-4.29,-0.06,7.09
2013-03-22,000100,1.33,1.46,1.5,1.26,6054327,1559869112.0,17.91,8.96,0.12,7.64
2013-03-29,000100,1.46,1.43,1.52,1.4,4433401,1170420804.0,8.22,-2.05,-0.03,5.59
2013-04-03,000100,1.43,1.46,1.54,1.42,4042322,1083882403.0,8.39,2.1,0.03,5.1
2013-04-12,000100,1.43,1.54,1.63,1.41,4867547,1327608242.0,15.07,5.48,0.08,6.14
2013-04-19,000100,1.54,1.61,1.62,1.48,4496554,1219993934.0,9.09,4.55,0.07,5.67
2013-04-26,000100,1.59,1.68,1.85,1.58,9878931,2865374784.0,16.77,4.35,0.07,12.47
2013-05-03,000100,1.68,1.73,1.8,1.68,2103703,616147128.0,7.14,2.98,0.05,2.65
2013-05-10,000100,1.73,1.67,1.74,1.62,7230966,2066569168.0,6.94,-3.47,-0.06,9.12
2013-05-17,000100,1.66,1.78,1.8,1.62,6912718,2021340671.0,10.78,6.59,0.11,8.72
2013-05-24,000100,1.78,1.75,1.83,1.68,7866262,2317426128.0,8.43,-1.69,-0.03,9.93
2013-05-31,000100,1.76,1.72,1.81,1.72,5645715,1661422582.0,5.14,-1.71,-0.03,7.12
2013-06-07,000100,1.72,1.41,1.74,1.38,10536193,2785867808.0,20.93,-18.02,-0.31,13.3
2013-06-14,000100,1.38,1.38,1.4,1.27,2994852,741470080.0,9.22,-2.13,-0.03,3.78
2013-06-21,000100,1.49,1.22,1.51,1.13,6784713,1684609856.0,27.54,-11.59,-0.16,8.56
2013-06-28,000100,1.19,1.14,1.2,0.88,10839001,2384791408.0,26.23,-6.56,-0.08,13.68
2013-07-05,000100,1.12,1.14,1.19,1.08,7055846,1595952988.0,9.65,0.0,0.0,8.9
2013-07-12,000100,1.12,1.12,1.24,1.03,10263258,2302648098.0,18.42,-1.75,-0.02,12.95
2013-07-19,000100,1.13,1.07,1.22,1.07,8118484,1852384278.0,13.39,-4.46,-0.05,10.24
2013-07-26,000100,1.05,1.07,1.16,1.03,7311300,1623184781.0,12.15,0.0,0.0,9.22
2013-08-02,000100,1.05,1.05,1.08,1.02,4393131,953780757.0,5.61,-1.87,-0.02,5.54
2013-08-09,000100,1.05,1.1,1.15,1.04,6873554,1525400091.0,10.48,4.76,0.05,8.48
2013-08-16,000100,1.11,1.12,1.22,1.09,9154072,2085424992.0,11.82,1.82,0.02,11.3
2013-08-23,000100,1.12,1.11,1.2,1.09,7789961,1766202996.0,9.82,-0.89,-0.01,9.61
2013-08-30,000100,1.11,1.08,1.13,1.07,6251482,1387237436.0,5.41,-2.7,-0.03,7.71
2013-09-06,000100,1.08,1.12,1.24,1.08,10336839,2353548417.0,14.81,3.7,0.04,12.76
2013-09-13,000100,1.13,1.23,1.29,1.1,17519748,4087216960.0,16.96,9.82,0.11,21.62
2013-09-18,000100,1.24,1.19,1.25,1.15,4177815,972163370.0,8.13,-3.25,-0.04,5.16
2013-09-27,000100,1.19,1.11,1.23,1.1,7604409,1744392033.0,10.92,-6.72,-0.08,9.38
2013-09-30,000100,1.12,1.15,1.16,1.12,949969,215665681.0,3.6,3.6,0.04,1.17
2013-10-11,000100,1.13,1.2,1.22,1.13,7769027,1794558992.0,7.83,4.35,0.05,9.59
2013-10-18,000100,1.2,1.16,1.23,1.13,7915562,1827434760.0,8.33,-3.33,-0.04,9.77
2013-10-25,000100,1.17,1.3,1.38,1.14,18336997,4403116160.0,20.69,12.07,0.14,22.63
2013-11-01,000100,1.3,1.29,1.42,1.2,18582354,4578938560.0,16.92,-0.77,-0.01,22.93
2013-11-08,000100,1.28,1.18,1.31,1.17,7848580,1868480176.0,10.85,-8.53,-0.11,9.68
2013-11-15,000100,1.17,1.2,1.25,1.14,8427635,1960648109.0,9.32,1.69,0.02,10.4
2013-11-22,000100,1.21,1.23,1.3,1.2,11277950,2678448192.0,8.33,2.5,0.03,13.92
2013-11-29,000100,1.23,1.22,1.27,1.2,7564627,1789131935.0,5.69,-0.81,-0.01,9.33
2013-12-06,000100,1.21,1.25,1.29,1.14,11348473,2673721872.0,12.3,2.46,0.03,14.0
2013-12-13,000100,1.25,1.26,1.34,1.22,10449685,2520845520.0,9.6,0.8,0.01,12.89
2013-12-20,000100,1.25,1.15,1.26,1.13,5295233,1232006197.0,10.32,-8.73,-0.11,6.53
2013-12-27,000100,1.15,1.2,1.22,1.12,5500039,1266671071.0,8.7,4.35,0.05,6.79
2014-01-03,000100,1.2,1.16,1.21,1.15,3728062,863734410.0,5.0,-3.33,-0.04,4.58
2014-01-10,000100,1.16,1.19,1.2,1.12,6319966,1446399491.0,6.9,2.59,0.03,7.77
2014-01-17,000100,1.18,1.16,1.24,1.14,8747038,2030803487.0,8.4,-2.52,-0.03,10.75
2014-01-24,000100,1.15,1.2,1.21,1.13,5975125,1378408351.0,6.9,3.45,0.04,7.34
2014-01-30,000100,1.23,1.35,1.5,1.22,23786984,6068302480.0,23.33,12.5,0.15,29.23
2014-02-07,000100,1.34,1.45,1.48,1.34,4031616,1036457648.0,10.37,7.41,0.1,4.95
2014-02-14,000100,1.46,1.49,1.56,1.43,16295114,4315542368.0,8.97,2.76,0.04,20.03
2014-02-21,000100,1.5,1.44,1.55,1.38,14274361,3739862960.0,11.41,-3.36,-0.05,17.54
2014-02-28,000100,1.44,1.61,1.71,1.42,22241515,6030670864.0,20.14,11.81,0.17,27.33
2014-03-07,000100,1.62,1.47,1.62,1.44,8470229,2278601120.0,11.18,-8.7,-0.14,10.41
2014-03-14,000100,1.44,1.38,1.44,1.31,7184414,1803339293.0,8.84,-6.12,-0.09,8.83
2014-03-21,000100,1.36,1.41,1.51,1.33,5143754,1321404724.0,13.04,2.17,0.03,6.32
2014-03-28,000100,1.42,1.42,1.54,1.41,8540819,2233915568.0,9.22,0.71,0.01,10.5
2014-04-04,000100,1.42,1.48,1.48,1.41,4737363,1206836513.0,4.93,4.23,0.06,5.82
2014-04-11,000100,1.47,1.51,1.57,1.47,6329270,1663057360.0,6.76,2.03,0.03,7.78
2014-04-18,000100,1.5,1.48,1.54,1.46,4680980,1218891814.0,5.3,-1.99,-0.03,5.75
2014-04-25,000100,1.46,1.32,1.47,1.31,4893405,1218704262.0,10.81,-10.81,-0.16,6.01
2014-04-30,000100,1.31,1.3,1.31,1.25,2352311,554987595.0,4.55,-1.52,-0.02,2.89
2014-05-09,000100,1.29,1.27,1.32,1.25,3402091,808387037.0,5.38,-2.31,-0.03,4.18
2014-05-16,000100,1.28,1.28,1.32,1.26,3902577,928001906.0,4.72,0.79,0.01,4.8
2014-05-23,000100,1.28,1.27,1.29,1.23,3013721,705561729.0,4.69,-0.78,-0.01,3.7
2014-05-30,000100,1.27,1.27,1.29,1.23,3983153,935012863.0,4.72,0.0,0.0,4.89
2014-06-06,000100,1.27,1.25,1.29,1.23,2388952,557830063.0,4.72,-1.57,-0.02,2.94
2014-06-13,000100,1.24,1.22,1.25,1.2,5049294,1156849425.0,4.0,-2.4,-0.03,6.2
2014-06-20,000100,1.22,1.18,1.24,1.16,4660776,1060551623.0,6.56,-3.28,-0.04,5.73
2014-06-27,000100,1.18,1.21,1.22,1.17,3654207,826181398.0,4.24,2.54,0.03,4.49
2014-07-04,000100,1.21,1.23,1.26,1.2,4999379,1152700033.0,4.96,1.65,0.02,6.14
2014-07-11,000100,1.22,1.34,1.36,1.22,9001241,2135681110.0,11.38,8.94,0.11,11.06
2014-08-15,000100,1.41,1.56,1.56,1.38,3049816,798257760.0,13.43,16.42,0.22,3.75
2014-08-22,000100,1.72,1.52,1.72,1.48,18100920,4889263600.0,15.38,-2.56,-0.04,22.25
2014-08-29,000100,1.51,1.41,1.52,1.37,7239046,1832409248.0,9.87,-7.24,-0.11,8.9
2014-09-05,000100,1.4,1.52,1.54,1.39,11312490,2940783152.0,10.64,7.8,0.11,13.9
2014-09-12,000100,1.52,1.59,1.62,1.52,10423990,2795889152.0,6.58,4.61,0.07,12.81
2014-09-19,000100,1.61,1.62,1.7,1.56,15617294,4281410192.0,8.81,1.89,0.03,19.19
2014-09-26,000100,1.62,1.61,1.62,1.53,9110851,2452836192.0,5.56,-0.62,-0.01,11.2
2014-09-30,000100,1.61,1.59,1.62,1.58,3007691,813087968.0,2.48,-1.24,-0.02,3.7
2014-10-10,000100,1.6,1.9,1.9,1.57,12732624,3665724480.0,20.75,19.5,0.31,15.65
2014-10-17,000100,1.94,1.86,2.05,1.81,28980400,8837380176.0,12.63,-2.11,-0.04,35.62
2014-10-24,000100,1.86,1.82,1.92,1.78,11092932,3325542928.0,7.53,-2.15,-0.04,13.63
2014-10-31,000100,1.82,2.02,2.07,1.8,16263100,5031382672.0,14.84,10.99,0.2,19.99
2014-11-07,000100,2.07,2.03,2.28,2.01,17403812,5695757936.0,13.37,0.5,0.01,21.39
2014-11-14,000100,2.06,2.09,2.15,1.97,12795627,4105019696.0,8.87,2.96,0.06,15.73
2014-11-21,000100,2.12,2.04,2.13,1.99,7321901,2344338752.0,6.7,-2.39,-0.05,9.0
2014-11-28,000100,2.08,2.1,2.13,2.04,12106633,3931705552.0,4.41,2.94,0.06,14.88
2014-12-05,000100,2.11,2.32,2.51,2.08,23764564,8183658544.0,20.48,10.48,0.22,29.21
2014-12-12,000100,2.3,2.62,2.76,2.26,27361068,10263730592.0,21.55,12.93,0.3,33.63
2014-12-19,000100,2.62,2.58,2.67,2.48,17305375,6527494224.0,7.25,-1.53,-0.04,21.27
2014-12-26,000100,2.6,2.7,2.91,2.56,21231862,8351833392.0,13.57,4.65,0.12,26.1
2014-12-31,000100,2.73,2.59,2.74,2.51,8110000,3093177056.0,8.52,-4.07,-0.11,9.97
2015-01-09,000100,2.62,2.77,3.02,2.62,19699943,8034053888.0,15.44,6.95,0.18,24.22
2015-01-16,000100,2.75,2.79,2.83,2.63,10824918,4296348064.0,7.22,0.72,0.02,13.31
2015-01-23,000100,2.62,2.64,2.72,2.42,12735394,4875036608.0,10.75,-5.38,-0.15,15.66
2015-01-30,000100,2.65,2.67,2.82,2.58,13554956,5301957648.0,9.09,1.14,0.03,16.66
2015-02-06,000100,2.6,2.46,2.66,2.44,8484875,3227741248.0,8.24,-7.87,-0.21,10.38
2015-02-13,000100,2.46,3.22,3.34,2.42,28915490,12307161600.0,37.4,30.89,0.76,35.36
2015-02-17,000100,3.23,3.51,3.64,3.21,10303424,4904320672.0,13.35,9.01,0.29,12.6
2015-02-27,000100,3.48,3.7,3.81,3.32,11144551,5306283168.0,13.96,5.41,0.19,13.63
2015-03-06,000100,3.71,3.77,4.13,3.63,24594261,12884735792.0,13.51,1.89,0.07,30.08
2015-03-13,000100,3.73,3.78,4.09,3.59,16585107,8548282816.0,13.26,0.27,0.01,20.28
2015-03-20,000100,3.82,4.49,4.63,3.79,31384902,17656182672.0,22.22,18.78,0.71,38.38
2015-03-27,000100,4.52,4.46,4.69,4.33,23651827,13976065216.0,8.02,-0.67,-0.03,28.92
2015-04-03,000100,4.46,4.75,4.95,4.41,22548505,13743911568.0,12.11,6.5,0.29,27.57
2015-04-10,000100,4.94,4.84,5.17,4.72,19279223,12153613360.0,9.47,1.89,0.09,23.58
2015-04-17,000100,4.84,4.8,4.92,4.51,22125550,13548654848.0,8.47,-0.83,-0.04,27.06
2015-04-24,000100,4.77,5.15,5.35,4.63,35443431,22848634016.0,15.0,7.29,0.35,43.34
2015-04-30,000100,5.19,4.86,5.22,4.72,17320276,10970694160.0,9.71,-5.63,-0.29,21.18
2015-05-08,000100,4.84,4.66,4.92,4.22,20561035,12186434816.0,14.4,-4.12,-0.2,22.9
2015-05-15,000100,4.75,4.92,5.3,4.58,36488504,22901821344.0,15.45,5.58,0.26,40.64
2015-05-22,000100,4.82,5.02,5.07,4.71,27659042,17249109904.0,7.32,2.03,0.1,30.81
2015-05-29,000100,5.01,5.02,5.85,4.84,41813708,28209576480.0,20.12,0.0,0.0,46.5
2015-06-05,000100,5.03,5.61,5.84,4.97,35644255,24455142464.0,17.33,11.75,0.59,39.63
2015-06-12,000100,5.61,5.87,6.16,5.39,36320767,26183164048.0,13.73,4.63,0.26,40.38
2015-06-19,000100,5.92,5.21,6.19,5.13,32037292,22949638720.0,18.06,-11.24,-0.66,35.62
2015-06-26,000100,5.3,4.49,5.48,4.49,22448881,14496560496.0,19.0,-13.82,-0.72,24.96
2015-07-03,000100,4.64,4.01,4.67,3.49,37486220,20373845776.0,26.28,-10.69,-0.48,41.67
2015-07-10,000100,4.48,4.14,4.49,2.94,36224416,18278792576.0,38.65,3.24,0.13,40.27
2015-07-17,000100,4.26,4.12,4.57,3.49,31584976,17286473904.0,26.09,-0.48,-0.02,35.11
2015-07-24,000100,4.14,4.16,4.38,4.02,21038320,11528870496.0,8.74,0.97,0.04,23.39
2015-07-31,000100,4.05,3.6,4.08,3.23,17997567,8806897248.0,20.43,-13.46,-0.56,20.01
2015-08-07,000100,3.52,3.95,4.01,3.5,15804985,7990393104.0,14.17,9.72,0.35,17.57
2015-08-14,000100,4.01,4.21,4.4,3.92,25323893,13768303648.0,12.15,6.58,0.26,28.15
2015-08-21,000100,4.26,3.55,4.52,3.51,21496194,11525471904.0,23.99,-15.68,-0.66,23.89
2015-08-28,000100,3.38,3.06,3.38,2.55,18188950,7341125056.0,23.38,-13.8,-0.49,20.22
2015-09-02,000100,2.98,3.04,3.08,2.7,10579060,4340398880.0,12.42,-0.65,-0.02,11.76
2015-09-11,000100,3.04,2.99,3.19,2.84,10124253,4296331360.0,11.51,-1.64,-0.05,11.25
2015-09-18,000100,3.01,2.76,3.04,2.57,8636110,3407321296.0,15.72,-7.69,-0.23,9.6
2015-09-25,000100,2.73,2.68,2.87,2.66,5597135,2199041328.0,7.61,-2.9,-0.08,6.22
2015-09-30,000100,2.7,2.63,2.71,2.61,1878530,711312560.0,3.73,-1.87,-0.05,2.09
2015-10-09,000100,2.8,2.77,2.82,2.73,2981603,1169834576.0,3.42,5.32,0.14,3.31
2015-10-16,000100,2.8,2.99,3.04,2.77,11477134,4699185824.0,9.75,7.94,0.22,12.76
2015-10-23,000100,2.99,3.0,3.13,2.82,14149278,5852824400.0,10.37,0.33,0.01,15.73
2015-10-30,000100,3.02,2.83,3.03,2.82,8213119,3350050160.0,7.0,-5.67,-0.17,9.13
2015-11-06,000100,2.8,3.05,3.11,2.73,11988996,4915993264.0,13.43,7.77,0.22,13.33
2015-11-13,000100,3.03,2.91,3.13,2.91,12698840,5359736352.0,7.21,-4.59,-0.14,14.12
2015-11-20,000100,2.85,2.99,3.02,2.83,8037894,3308615680.0,6.53,2.75,0.08,8.93
2015-11-27,000100,2.99,2.72,3.01,2.67,7216497,2937830208.0,11.37,-9.03,-0.27,8.02
2015-12-04,000100,2.73,2.79,2.89,2.62,6418304,2524145232.0,9.93,2.57,0.07,7.13
2015-12-11,000100,2.79,2.9,2.96,2.77,8262089,3333706080.0,6.81,3.94,0.11,9.18
2015-12-18,000100,2.98,2.98,3.01,2.87,9560221,3915700336.0,4.83,2.76,0.08,10.62
2015-12-25,000100,2.95,3.22,3.6,2.94,21021161,9568167248.0,22.15,8.05,0.24,23.36
2015-12-31,000100,3.23,3.08,3.28,3.05,7110621,3083109472.0,7.14,-4.35,-0.14,7.9
2016-01-08,000100,3.07,2.77,3.11,2.57,8987606,3561549097.0,17.53,-10.06,-0.31,9.99
2016-01-15,000100,2.72,2.48,2.76,2.46,7643022,2876489600.0,10.83,-10.47,-0.29,8.49
2016-01-22,000100,2.39,2.45,2.6,2.34,5832080,2098352544.0,10.48,-1.21,-0.03,6.48
2016-01-29,000100,2.46,2.5,2.52,2.23,5554552,1964941280.0,11.84,2.04,0.05,6.17
2016-02-05,000100,2.48,2.6,2.62,2.46,3844540,1418066534.0,6.4,4.0,0.1,4.27
2016-02-19,000100,2.49,2.82,2.88,2.49,5905021,2308028590.0,15.0,8.46,0.22,6.57
2016-02-26,000100,2.89,2.79,2.95,2.51,9215730,3654242736.0,15.6,-1.06,-0.03,10.25
2016-03-04,000100,2.66,2.79,2.87,2.49,7576832,2922193632.0,13.62,0.0,0.0,8.42
2016-03-11,000100,2.81,2.67,2.84,2.62,3310469,1284725166.0,7.89,-4.3,-0.12,3.68
2016-03-18,000100,2.7,2.8,2.83,2.67,4483940,1749434501.0,5.99,4.87,0.13,4.99
2016-03-25,000100,2.82,2.72,2.87,2.67,5984864,2352584448.0,7.14,-2.86,-0.08,6.65
2016-04-01,000100,2.72,2.66,2.74,2.6,3528705,1345952804.0,5.15,-2.21,-0.06,3.92
2016-04-08,000100,2.66,2.64,2.77,2.62,2779814,1065985030.0,5.64,-0.75,-0.02,3.09
2016-04-15,000100,2.63,2.67,2.72,2.62,4256188,1619315720.0,3.79,1.14,0.03,4.73
2016-04-22,000100,2.66,2.48,2.66,2.43,3315481,1217671577.0,8.61,-7.12,-0.19,3.69
2016-04-29,000100,2.48,2.41,2.5,2.38,2064809,726538889.0,4.84,-2.82,-0.07,2.3
2016-05-06,000100,2.42,2.42,2.56,2.4,2557228,905578189.0,6.64,0.41,0.01,2.84
2016-05-13,000100,2.42,2.33,2.42,2.3,2778147,937130673.0,4.96,-3.72,-0.09,3.09
2016-05-20,000100,2.33,2.29,2.36,2.22,1908824,633498673.0,6.01,-1.72,-0.04,2.12
2016-05-27,000100,2.29,2.36,2.4,2.23,2920355,973987205.0,7.42,3.06,0.07,3.25
2016-06-03,000100,2.32,2.36,2.41,2.29,3729956,1262240660.0,5.08,0.0,0.0,4.15
2016-06-08,000100,2.37,2.32,2.41,2.31,1517974,513541992.0,4.24,-1.69,-0.04,1.69
2016-06-17,000100,2.3,2.26,2.33,2.22,2566897,844580130.0,4.74,-2.59,-0.06,2.85
2016-06-24,000100,2.26,2.23,2.37,2.21,3213725,1063067251.0,7.08,-1.33,-0.03,3.57
2016-07-01,000100,2.22,2.26,2.31,2.22,2335360,767043347.0,4.04,1.35,0.03,2.59
2016-07-08,000100,2.26,2.32,2.35,2.25,3729064,1246668374.0,4.42,2.65,0.06,4.14
2016-07-15,000100,2.33,2.45,2.6,2.33,7101518,2502257488.0,11.64,5.6,0.13,7.89
2016-07-22,000100,2.44,2.48,2.61,2.38,3750186,1324190351.0,9.39,1.22,0.03,4.17
2016-07-29,000100,2.49,2.46,2.6,2.41,4268106,1511711483.0,7.66,-0.81,-0.02,4.74
2016-08-03,000100,2.45,2.39,2.45,2.37,1701736,583415387.0,3.25,-2.85,-0.07,1.89
2016-12-23,000100,2.64,2.41,2.71,2.39,8412321,3010741136.0,13.39,0.84,0.02,9.35
2016-12-30,000100,2.4,2.28,2.42,2.25,3736520,1249957966.0,7.05,-5.39,-0.13,4.15
2017-01-06,000100,2.27,2.36,2.52,2.26,3111089,1061395092.0,11.4,3.51,0.08,3.46
2017-01-13,000100,2.36,2.35,2.42,2.34,2833897,967738833.0,3.39,-0.42,-0.01,3.15
2017-01-20,000100,2.34,2.46,2.5,2.26,3777808,1292487576.0,10.21,4.68,0.11,4.2
2017-01-26,000100,2.46,2.44,2.5,2.42,1641797,575485196.0,3.25,-0.81,-0.02,1.82
2017-02-03,000100,2.43,2.42,2.45,2.42,342778,118787193.0,1.23,-0.82,-0.02,0.38
2017-02-10,000100,2.46,2.53,2.53,2.44,3116826,1101695106.0,3.72,4.55,0.11,3.46
2017-02-17,000100,2.52,2.57,2.66,2.52,5043858,1833224096.0,5.53,1.58,0.04,5.6
2017-02-24,000100,2.57,2.63,2.72,2.57,5047676,1875250833.0,5.84,2.33,0.06,5.61
2017-03-03,000100,2.63,2.53,2.63,2.52,2988995,1081842186.0,4.18,-3.8,-0.1,3.32
2017-03-10,000100,2.53,2.51,2.61,2.49,2728882,980949198.0,4.74,-0.79,-0.02,3.03
2017-03-17,000100,2.51,2.5,2.54,2.47,2646134,940496144.0,2.79,-0.4,-0.01,2.94
2017-03-24,000100,2.5,2.54,2.55,2.47,2702778,959918931.0,3.2,1.6,0.04,3.0
2017-03-31,000100,2.53,2.49,2.6,2.45,3926591,1411244504.0,5.91,-1.97,-0.05,4.36
2017-04-07,000100,2.5,2.58,2.59,2.5,2254490,812847033.0,3.61,3.61,0.09,2.5
2017-04-14,000100,2.54,2.52,2.69,2.48,6363089,2309414880.0,8.14,-2.33,-0.06,7.07
2017-04-20,000100,2.52,2.47,2.53,2.43,2325798,819751262.0,3.97,-1.98,-0.05,2.58
2017-07-28,000100,2.73,2.62,2.73,2.56,6487483,2334387904.0,6.88,6.07,0.15,7.21
2017-08-04,000100,2.6,2.72,2.94,2.58,8563683,3219194432.0,13.74,3.82,0.1,9.51
2017-08-11,000100,2.72,2.56,2.76,2.55,3961410,1447773167.0,7.72,-5.88,-0.16,4.4
2017-08-18,000100,2.57,2.62,2.65,2.57,2225357,798412865.0,3.13,2.34,0.06,2.47
2017-08-25,000100,2.61,2.61,2.65,2.57,2054293,737388339.0,3.05,-0.38,-0.01,2.28
2017-09-01,000100,2.62,2.62,2.65,2.59,2744176,986292872.0,2.3,0.38,0.01,3.05
2017-09-06,000100,2.62,2.61,2.62,2.58,1803852,645210543.0,1.53,-0.38,-0.01,2.0
2017-09-22,000100,2.63,2.6,2.75,2.58,2658228,966185376.0,6.51,-0.38,-0.01,2.95
2017-09-29,000100,2.6,2.59,2.65,2.53,3166805,1127080046.0,4.62,-0.38,-0.01,3.52
2017-10-13,000100,2.62,2.77,2.82,2.61,8195973,3035915104.0,8.11,6.95,0.18,9.11
2017-10-20,000100,2.79,3.07,3.34,2.75,21158298,8629142992.0,21.3,10.83,0.3,23.51
2017-10-27,000100,3.08,3.41,3.55,3.07,17995363,7849903344.0,15.64,11.07,0.34,19.99
2017-11-03,000100,3.39,3.24,3.48,3.11,12449113,5382663024.0,10.85,-4.99,-0.17,13.83
2017-11-10,000100,3.23,3.88,4.02,3.22,24984205,12029666640.0,24.69,19.75,0.64,27.76
2017-11-17,000100,3.9,3.61,3.97,3.58,14106512,6846311456.0,10.05,-6.96,-0.27,15.67
2017-11-24,000100,3.54,3.17,3.76,3.15,15171276,6957611840.0,16.9,-12.19,-0.44,16.85
2017-12-01,000100,3.13,3.12,3.24,3.05,6352239,2651819696.0,5.99,-1.58,-0.05,7.06
2017-12-08,000100,3.12,3.08,3.23,2.99,6684795,2754500256.0,7.69,-1.28,-0.04,7.43
2017-12-15,000100,3.08,2.95,3.18,2.93,5574316,2277703536.0,8.12,-4.22,-0.13,6.19
2017-12-22,000100,2.94,3.02,3.07,2.92,4076091,1636936928.0,5.08,2.37,0.07,4.53
2017-12-29,000100,3.02,2.9,3.03,2.81,5044959,1956063520.0,7.28,-3.97,-0.12,5.6
2018-01-05,000100,2.88,2.92,3.02,2.88,4179259,1648608704.0,4.83,0.69,0.02,4.64
2018-01-12,000100,2.92,2.99,3.05,2.84,8332062,3308455840.0,7.19,2.4,0.07,9.26
2018-01-19,000100,2.99,2.89,3.12,2.87,10728054,4278129136.0,8.36,-3.34,-0.1,11.92
2018-01-26,000100,2.88,2.73,2.88,2.73,8693378,3305648080.0,5.19,-5.54,-0.16,9.66
2018-02-02,000100,2.67,2.5,2.71,2.42,6821237,2419879440.0,10.62,-8.42,-0.23,7.58
2018-02-09,000100,2.46,2.39,2.52,2.35,4628274,1575276080.0,6.8,-4.4,-0.11,5.14
2018-02-14,000100,2.41,2.48,2.51,2.39,2023048,689183558.0,5.02,3.77,0.09,2.25
2018-02-23,000100,2.47,2.47,2.52,2.45,1523023,526477032.0,2.82,-0.4,-0.01,1.69
2018-03-02,000100,2.5,2.66,2.79,2.49,9169059,3351151072.0,12.15,7.69,0.19,7.82
2018-03-09,000100,2.67,2.82,2.88,2.58,8114926,3040480064.0,11.28,6.02,0.16,6.92
2018-03-16,000100,2.84,2.82,2.93,2.77,7048077,2710086352.0,5.67,0.0,0.0,6.01
2018-03-23,000100,2.81,2.52,2.85,2.38,6983316,2535288800.0,16.67,-10.64,-0.3,5.95
2018-03-30,000100,2.45,2.51,2.55,2.41,4350222,1495597841.0,5.56,-0.4,-0.01,3.71
2018-04-04,000100,2.52,2.48,2.57,2.46,2320253,806540411.0,4.38,-1.2,-0.03,1.98
2018-04-13,000100,2.46,2.49,2.54,2.37,3085404,1058714318.0,6.85,0.4,0.01,2.63
2018-04-20,000100,2.47,2.28,2.48,2.23,3726782,1228512659.0,10.04,-8.43,-0.21,3.18
2018-04-27,000100,2.28,2.31,2.39,2.25,3129748,1021862611.0,6.14,1.32,0.03,2.67
2018-05-04,000100,2.32,2.36,2.42,2.31,1860685,615348213.0,4.76,2.16,0.05,1.59
2018-05-11,000100,2.38,2.35,2.43,2.34,2794406,933829448.0,3.81,-0.42,-0.01,2.38
2018-05-18,000100,2.35,2.31,2.38,2.28,2485635,814910260.0,4.26,-1.7,-0.04,2.12
2018-05-25,000100,2.34,2.28,2.37,2.28,3015474,985983890.0,3.9,-1.3,-0.03,2.57
2018-06-01,000100,2.29,2.26,2.3,2.2,2799683,879660023.0,4.39,-0.88,-0.02,2.39
2018-06-08,000100,2.28,2.29,2.36,2.27,2920585,923807743.0,3.98,1.33,0.03,2.49
2018-06-15,000100,2.27,2.22,2.32,2.2,2323500,723046028.0,5.24,-3.06,-0.07,1.98
2018-06-22,000100,2.18,1.99,2.19,1.85,3926000,1114229834.0,15.32,-10.36,-0.23,3.35
2018-06-29,000100,1.99,2.08,2.08,1.92,2861112,805169943.0,8.04,4.52,0.09,2.44
2018-07-06,000100,2.06,1.93,2.07,1.84,2546803,705087611.0,11.06,-7.21,-0.15,2.17
2018-07-13,000100,1.92,2.05,2.09,1.89,3007433,845915876.0,10.36,6.22,0.12,2.56
2018-07-20,000100,2.05,2.08,2.12,1.94,2850852,812122093.0,8.78,1.46,0.03,2.43
2018-07-27,000100,2.06,2.17,2.31,2.05,4903804,1485353165.0,12.5,4.33,0.09,4.18
2018-08-03,000100,2.17,1.96,2.2,1.95,3212091,938399056.0,11.52,-9.68,-0.21,2.74
2018-08-10,000100,1.97,2.02,2.08,1.92,3499565,984904246.0,8.16,3.06,0.06,2.98
2018-08-17,000100,1.99,1.97,2.08,1.94,3042720,859729533.0,6.93,-2.48,-0.05,2.59
2018-08-24,000100,1.97,1.99,2.03,1.95,2157772,604561714.0,4.06,1.02,0.02,1.84
2018-08-31,000100,2.0,2.03,2.12,1.99,4078755,1172820470.0,6.53,2.01,0.04,3.48
2018-09-07,000100,2.02,1.96,2.02,1.95,2330748,650425939.0,3.45,-3.45,-0.07,1.99
2018-09-14,000100,1.97,1.92,1.97,1.89,1858249,506235460.0,4.08,-2.04,-0.04,1.58
2018-09-21,000100,1.92,2.02,2.03,1.86,2644342,728147183.0,8.85,5.21,0.1,2.25
2018-09-28,000100,2.01,2.0,2.03,1.96,1917767,538810276.0,3.47,-0.99,-0.02,1.64
2018-10-12,000100,1.97,1.7,1.98,1.58,3070677,804570672.0,20.0,-15.0,-0.3,2.62
2018-10-19,000100,1.72,1.62,1.73,1.51,2757092,658372249.0,12.94,-4.71,-0.08,2.35
2018-10-26,000100,1.63,1.66,1.75,1.6,3007488,740495374.0,9.26,2.47,0.04,2.56
2018-11-02,000100,1.66,1.74,1.75,1.62,2918492,722507044.0,7.83,4.82,0.08,2.49
2018-11-09,000100,1.74,1.69,1.76,1.69,2029047,509019962.0,4.02,-2.87,-0.05,1.73
2018-11-16,000100,1.68,1.82,1.83,1.67,3692079,949292123.0,9.47,7.69,0.13,3.15
2018-11-23,000100,1.82,1.67,1.82,1.66,3098431,790630670.0,8.79,-8.24,-0.15,2.64
2018-11-30,000100,1.66,1.69,1.76,1.64,2549433,632128018.0,7.19,1.2,0.02,2.17
2018-12-07,000100,1.74,1.77,1.77,1.7,2712673,685091479.0,4.14,4.73,0.08,2.31
2018-12-14,000100,1.75,1.67,1.75,1.62,3489291,849444074.0,7.34,-5.65,-0.1,2.98
2018-12-21,000100,1.65,1.62,1.67,1.61,1718231,415897157.0,3.59,-2.99,-0.05,1.47
2018-12-28,000100,1.61,1.67,1.67,1.56,2053313,492964564.0,6.79,3.09,0.05,1.75
2019-01-04,000100,1.68,1.78,1.79,1.67,2183149,551528000.0,7.19,6.59,0.11,1.71
2019-01-11,000100,1.9,1.93,2.11,1.85,10439164,2915872720.0,14.61,8.43,0.15,8.16
2019-01-18,000100,1.93,1.87,1.93,1.85,3392636,914912587.0,4.15,-3.11,-0.06,2.65
2019-01-25,000100,1.87,1.92,1.94,1.86,3166083,861037051.0,4.28,2.67,0.05,2.48
2019-02-01,000100,1.92,2.02,2.02,1.88,3439984,948612982.0,7.29,5.21,0.1,2.69
2019-02-15,000100,2.02,2.37,2.64,2.02,16827114,5365642272.0,30.69,17.33,0.35,13.16
2019-02-22,000100,2.39,2.34,2.5,2.29,13684637,4410439552.0,8.86,-1.27,-0.03,10.7
2019-03-01,000100,2.45,2.43,2.74,2.35,19023974,6407374384.0,16.67,3.85,0.09,14.88
2019-03-08,000100,2.61,2.74,3.2,2.55,32743315,12426130576.0,26.75,12.76,0.31,25.61
2019-03-15,000100,2.72,2.85,3.02,2.72,15809619,5961445456.0,10.95,4.01,0.11,12.36
2019-03-22,000100,2.83,3.12,3.18,2.77,17246917,6680454576.0,14.39,9.47,0.27,13.49
2019-03-29,000100,3.35,3.13,3.48,2.99,36719269,15518220544.0,15.71,0.32,0.01,28.71
2019-04-04,000100,3.15,3.15,3.24,3.13,12878808,5291432048.0,3.51,0.64,0.02,10.07
2019-04-12,000100,3.16,2.93,3.18,2.92,11351796,4520219296.0,8.25,-6.98,-0.22,8.88
2019-04-19,000100,2.99,3.01,3.09,2.86,9189672,3558525824.0,7.85,2.73,0.08,7.19
2019-04-26,000100,3.02,2.81,3.05,2.81,8956872,3353159376.0,7.97,-6.64,-0.2,7.0
2019-04-30,000100,2.81,2.8,2.83,2.64,3454788,1224784576.0,6.76,-0.36,-0.01,2.7
2019-05-10,000100,2.7,2.76,2.79,2.58,8691427,3026324496.0,7.5,-1.43,-0.04,6.8
2019-05-17,000100,2.72,2.63,2.78,2.62,5821100,2038057152.0,5.8,-4.71,-0.13,4.55
2019-05-24,000100,2.64,2.51,2.69,2.5,5583311,1876992620.0,7.22,-4.56,-0.12,4.37
2019-05-31,000100,2.51,2.54,2.62,2.5,5492929,1830331566.0,4.78,1.2,0.03,4.32
2019-06-06,000100,2.54,2.38,2.57,2.36,4021242,1293697891.0,8.27,-6.3,-0.16,3.17
2019-06-14,000100,2.41,2.44,2.6,2.39,5580468,1815031325.0,8.82,2.52,0.06,4.39
2019-06-21,000100,2.44,2.52,2.55,2.41,4689823,1527056038.0,5.74,3.28,0.08,3.69
2019-06-28,000100,2.52,2.56,2.62,2.43,4856626,1595903581.0,7.54,1.59,0.04,3.83
2019-07-05,000100,2.65,2.59,2.81,2.55,10407081,3606784176.0,10.16,1.17,0.03,8.22
2019-07-12,000100,2.58,2.56,2.6,2.46,4374758,1435628954.0,5.41,-1.16,-0.03,3.46
2019-07-19,000100,2.58,2.6,2.8,2.52,10088350,3458064608.0,10.94,1.56,0.04,7.97
2019-07-26,000100,2.61,2.69,2.75,2.51,7036955,2410130380.0,9.23,3.46,0.09,5.56
2019-08-02,000100,2.69,2.57,2.75,2.54,7132923,2451609280.0,7.81,-4.46,-0.12,5.63
2019-08-09,000100,2.55,2.38,2.59,2.29,5620782,1786635636.0,11.67,-7.39,-0.19,4.44
2019-08-16,000100,2.37,2.63,2.7,2.37,10947063,3663612991.0,13.87,10.5,0.25,8.65
2019-08-23,000100,2.67,2.58,2.72,2.55,10932238,3736436992.0,6.46,-1.9,-0.05,8.64
2019-08-30,000100,2.5,2.46,2.58,2.43,7286504,2383266784.0,5.81,-4.65,-0.12,5.76
2019-09-06,000100,2.45,2.64,2.66,2.44,8660672,2894016880.0,8.94,7.32,0.18,6.84
2019-09-12,000100,2.67,2.92,3.12,2.64,19803011,7298097248.0,18.18,10.61,0.28,15.64
2019-09-20,000100,2.92,2.97,3.05,2.82,15035033,5614100144.0,7.88,1.71,0.05,11.88
2019-09-27,000100,2.97,2.85,3.08,2.81,13518903,5058366592.0,9.09,-4.04,-0.12,10.68
2019-09-30,000100,2.76,2.77,2.82,2.72,1787654,637323360.0,3.51,-2.81,-0.08,1.41
2019-10-11,000100,2.77,2.74,2.82,2.67,4990287,1755025840.0,5.42,-1.08,-0.03,3.94
2019-10-18,000100,2.78,2.62,2.82,2.62,5455657,1918989088.0,7.3,-4.38,-0.12,4.31
2019-10-25,000100,2.62,2.61,2.63,2.55,5072893,1703980210.0,3.05,-0.38,-0.01,4.01
2019-11-01,000100,2.62,2.62,2.66,2.5,4989034,1678754283.0,6.13,0.38,0.01,3.9
2019-11-08,000100,2.62,2.81,2.87,2.6,10445440,3692441024.0,10.31,7.25,0.19,8.17
2019-11-15,000100,2.79,2.7,2.81,2.62,9628470,3369981280.0,6.76,-3.91,-0.11,7.53
2019-11-22,000100,2.73,2.7,2.77,2.66,8317219,2904214464.0,4.07,0.0,0.0,6.51
2019-11-29,000100,2.7,3.02,3.06,2.68,14017311,5212456928.0,14.07,11.85,0.32,10.96
2019-12-06,000100,3.08,3.13,3.18,2.91,12083971,4697158464.0,8.94,3.64,0.11,9.45
2019-12-13,000100,3.17,3.12,3.29,3.07,15195434,6072466048.0,7.03,-0.32,-0.01,11.89
2019-12-20,000100,3.19,3.49,3.72,3.19,30403490,13282248336.0,16.99,11.86,0.37,23.78
2019-12-27,000100,3.56,3.64,3.9,3.42,19899848,8998928048.0,13.75,4.3,0.15,15.57
2020-01-03,000100,3.62,3.76,3.83,3.47,12138287,5500281616.0,9.89,3.3,0.12,9.59
2020-01-10,000100,3.67,3.78,4.02,3.62,21742375,10257427056.0,10.64,0.53,0.02,17.17
2020-01-17,000100,3.78,3.95,4.08,3.72,15263748,7393235104.0,9.52,4.5,0.17,12.02
2020-01-23,000100,3.99,4.13,4.32,3.95,16081700,8168549376.0,9.37,4.56,0.18,12.66
2020-02-07,000100,3.67,4.71,4.8,3.66,31277727,16080962464.0,27.6,14.04,0.58,24.63
2020-02-14,000100,4.58,4.59,4.76,4.41,25781738,14307112944.0,7.43,-2.55,-0.12,20.3
2020-02-21,000100,4.63,5.6,5.92,4.55,33768477,21202953664.0,29.85,22.0,1.01,26.59
2020-02-28,000100,5.72,4.88,6.23,4.82,49521595,33176665856.0,25.18,-12.86,-0.72,39.0
2020-03-06,000100,5.02,5.32,5.72,4.95,40907980,25810460784.0,15.78,9.02,0.44,32.21
2020-03-13,000100,5.08,4.5,5.24,4.19,38773426,22403490080.0,19.74,-15.41,-0.82,30.53
2020-03-20,000100,4.46,4.07,4.46,3.88,36415406,18322639936.0,12.89,-9.56,-0.43,28.68
2020-03-27,000100,3.83,3.62,3.93,3.49,31494626,14577141360.0,10.81,-11.06,-0.45,24.8
2020-04-03,000100,3.49,3.53,3.7,3.28,33212990,14486680064.0,11.6,-2.49,-0.09,26.23
2020-04-10,000100,3.67,3.54,3.83,3.49,20163106,9230001664.0,9.63,0.28,0.01,15.92
2020-04-17,000100,3.47,3.72,3.82,3.41,20732756,9300277536.0,11.58,5.08,0.18,16.37
2020-04-24,000100,3.7,3.39,3.73,3.36,14385126,6369418960.0,9.95,-8.87,-0.33,11.36
2020-04-30,000100,3.39,3.84,3.84,3.2,15842992,6937528192.0,18.88,13.27,0.45,12.51
2020-05-08,000100,3.76,3.93,4.03,3.74,16022640,7601202832.0,7.55,2.34,0.09,12.65
2020-05-15,000100,3.98,4.34,4.48,3.89,23560409,11635887072.0,15.01,10.43,0.41,18.61
2020-05-22,000100,4.31,4.12,4.46,4.04,23719293,12052699696.0,9.68,-5.07,-0.22,18.73
2020-05-29,000100,4.06,4.37,4.42,4.01,16966292,8511440864.0,9.95,6.07,0.25,13.4
2020-06-05,000100,4.41,4.87,5.02,4.36,29408286,16715519360.0,15.1,11.44,0.5,23.23
2020-06-12,000100,5.02,4.86,5.31,4.69,25764440,15231293520.0,12.73,-0.21,-0.01,20.35
2020-06-19,000100,4.79,5.22,5.29,4.64,19423864,11470633520.0,13.37,7.41,0.36,15.34
2020-06-24,000100,5.27,5.21,5.38,5.11,10699073,6617451344.0,5.17,-0.19,-0.01,8.45
2020-07-03,000100,5.15,5.24,5.38,5.06,19214164,11842049856.0,6.14,0.58,0.03,15.18
2020-07-10,000100,5.22,5.63,6.11,5.2,30531435,20562959632.0,17.37,7.44,0.39,24.12
2020-07-17,000100,5.59,5.64,6.02,5.26,28658474,19061530400.0,13.5,0.18,0.01,22.64
2020-07-24,000100,5.71,5.17,6.22,5.13,31269155,21004765216.0,19.33,-8.33,-0.47,24.7
2020-07-31,000100,5.18,5.32,5.4,4.91,18752448,11500851040.0,9.48,2.9,0.15,14.81
2020-08-07,000100,5.35,5.61,5.88,5.21,26698029,17199089376.0,12.59,5.45,0.29,21.09
2020-08-14,000100,5.52,5.34,5.62,5.17,14310193,9052580208.0,8.02,-4.81,-0.27,11.3
2020-08-21,000100,5.44,5.58,5.82,5.42,19328268,12807068512.0,7.49,4.49,0.24,15.27
2020-08-28,000100,5.65,5.77,5.9,5.46,17147724,11413991408.0,7.89,3.41,0.19,13.54
2020-09-04,000100,5.94,6.38,6.57,5.82,29612454,21622891952.0,13.0,10.57,0.61,23.39
2020-09-11,000100,6.38,5.98,6.52,5.52,22371669,15527781552.0,15.67,-6.27,-0.4,17.67
2020-09-18,000100,5.97,5.87,6.07,5.63,12032919,8265913632.0,7.36,-1.84,-0.11,9.5
2020-09-25,000100,5.81,5.2,5.92,5.14,13410303,8608704032.0,13.29,-11.41,-0.67,10.59
2020-09-30,000100,5.22,5.22,5.43,5.17,5880201,3655814560.0,5.0,0.38,0.02,4.64
2020-10-09,000100,5.49,5.52,5.58,5.42,3020704,1953061792.0,3.07,5.75,0.3,2.39
2020-10-16,000100,5.52,5.16,5.62,5.12,12365189,7856125584.0,9.06,-6.52,-0.36,9.77
2020-10-23,000100,5.17,5.18,5.3,4.88,11119964,6710220976.0,8.14,0.39,0.02,8.78
2020-10-30,000100,5.12,5.11,5.39,4.92,11794465,7183927312.0,9.07,-1.35,-0.07,9.32
2020-11-06,000100,5.09,5.68,5.76,5.08,16347374,10480152576.0,13.31,11.15,0.57,12.91
2020-11-13,000100,5.78,6.15,6.22,5.62,26371011,18261747872.0,10.56,8.27,0.47,20.83
2020-11-20,000100,6.08,5.88,6.16,5.72,16611787,11542099200.0,7.15,-4.39,-0.27,13.12
2020-11-27,000100,5.92,5.81,6.22,5.69,14115101,9864261440.0,9.01,-1.19,-0.07,11.15
2020-12-04,000100,5.81,6.16,7.24,5.72,39023133,29562984592.0,26.16,6.02,0.35,30.82
2020-12-11,000100,6.18,5.73,6.23,5.55,19132400,13356455248.0,11.04,-6.98,-0.43,15.11
2020-12-18,000100,5.74,5.9,6.17,5.68,15769217,10995089104.0,8.55,2.97,0.17,12.46
2020-12-25,000100,5.85,5.8,6.22,5.59,17809344,12241426928.0,10.68,-1.69,-0.1,14.07
2020-12-31,000100,5.79,6.06,6.17,5.6,14202296,9827148032.0,9.83,4.48,0.26,11.22
2021-01-08,000100,6.09,6.42,6.52,6.02,21175841,15469177040.0,8.25,5.94,0.36,16.73
2021-01-15,000100,6.53,8.1,8.32,6.31,50723226,44607209216.0,31.31,26.17,1.68,39.33
2021-01-22,000100,7.92,8.66,8.94,7.66,46988993,44825430016.0,15.8,6.91,0.56,36.43
2021-01-29,000100,8.55,7.43,8.57,7.17,29587761,27249247744.0,16.17,-14.2,-1.23,22.94
2021-02-05,000100,7.53,7.32,8.27,7.32,29769243,26861167104.0,12.79,-1.48,-0.11,23.08
2021-02-10,000100,7.32,7.92,8.0,7.03,13749629,12136053952.0,13.25,8.2,0.6,10.66
2021-02-19,000100,8.09,8.25,8.38,7.78,9466620,8797630880.0,7.58,4.17,0.33,7.34
2021-02-26,000100,8.24,7.11,8.41,7.05,23287422,20773773552.0,16.48,-13.82,-1.14,18.06
2021-03-05,000100,7.22,7.75,7.93,7.06,16989128,14575985712.0,12.24,9.0,0.64,13.17
2021-03-12,000100,8.03,8.12,8.27,7.03,30043647,27042766336.0,16.0,4.77,0.37,23.29
2021-03-19,000100,8.12,8.21,8.91,7.94,32637784,31617566464.0,11.95,1.11,0.09,25.31
2021-03-26,000100,8.16,8.22,9.06,7.92,32910333,32260665344.0,13.89,0.12,0.01,25.52
2021-04-02,000100,8.23,8.59,8.62,7.91,20677888,19455438928.0,8.64,4.5,0.37,16.03
2021-04-09,000100,8.6,8.12,8.8,8.09,16148594,15708012128.0,8.27,-5.47,-0.47,12.52
2021-04-16,000100,7.93,7.82,8.22,7.47,21894822,19779089456.0,9.24,-3.69,-0.3,16.98
2021-04-23,000100,7.79,7.93,7.98,7.68,15720729,14191803104.0,3.84,1.41,0.11,12.19
2021-04-30,000100,7.97,7.81,8.25,7.73,17253472,15817774272.0,6.56,-1.51,-0.12,13.38
2021-05-07,000100,7.7,7.35,7.88,7.29,6465710,5660226224.0,7.55,-5.89,-0.46,5.01
2021-05-14,000100,7.34,7.39,7.49,7.06,12503192,10568827072.0,5.85,0.54,0.04,9.69
2021-05-21,000100,7.39,7.45,7.63,7.27,11896178,10174522304.0,4.87,0.81,0.06,9.22
2021-05-28,000100,7.45,7.12,7.46,7.1,17639965,14542452576.0,4.83,-4.43,-0.33,13.68
2021-06-04,000100,7.1,6.73,7.21,6.67,16017102,12780280528.0,7.58,-5.48,-0.39,12.42
2021-06-11,000100,6.73,6.69,6.92,6.48,17122147,13059732048.0,6.54,-0.59,-0.04,13.28
2021-06-18,000100,6.7,6.64,6.79,6.14,18424980,13661018848.0,9.72,-0.75,-0.05,14.28
2021-06-25,000100,6.64,6.8,6.85,6.55,18911990,14551421168.0,4.52,2.41,0.16,14.65
2021-07-02,000100,6.81,6.47,6.86,6.38,12589755,9561807840.0,7.06,-4.85,-0.33,9.75
2021-07-09,000100,6.47,7.06,7.26,6.35,20550708,16210069072.0,14.06,9.12,0.59,15.92
2021-07-16,000100,7.11,7.34,7.46,6.86,25510723,20786319488.0,8.5,3.97,0.28,19.76
2021-07-23,000100,7.31,6.74,7.42,6.7,19830843,15949664288.0,9.81,-8.17,-0.6,15.36
2021-07-30,000100,6.69,6.45,6.92,6.23,17147246,12841756160.0,10.24,-4.3,-0.29,13.29
2021-08-06,000100,6.46,6.72,6.8,6.34,16097104,12184115968.0,7.13,4.19,0.27,12.47
2021-08-13,000100,6.73,6.59,6.97,6.53,16478022,12784782864.0,6.55,-1.93,-0.13,12.77
2021-08-20,000100,6.6,6.34,6.82,6.25,13719897,10243789360.0,8.65,-3.79,-0.25,10.63
2021-08-27,000100,6.26,6.24,6.39,6.16,11980934,8598197712.0,3.63,-1.58,-0.1,9.28
2021-09-03,000100,6.25,6.25,6.33,6.1,13483938,9631313680.0,3.69,0.16,0.01,10.45
2021-09-10,000100,6.14,6.39,6.53,6.1,16732382,12103379456.0,6.88,2.24,0.14,12.96
2021-09-17,000100,6.36,5.8,6.36,5.74,12852801,8955710160.0,9.7,-9.23,-0.59,9.96
2021-09-24,000100,5.71,5.58,5.76,5.52,5476067,3574338128.0,4.14,-3.79,-0.22,4.24
2021-09-30,000100,5.59,5.42,5.91,5.4,7760995,5013403296.0,9.14,-2.87,-0.16,6.01
2021-10-08,000100,5.55,5.62,5.66,5.52,2196674,1419342752.0,2.58,3.69,0.2,1.7
2021-10-15,000100,5.59,5.57,5.72,5.53,7653561,4953793104.0,3.38,-0.89,-0.05,5.93
2021-10-22,000100,5.56,5.43,5.62,5.39,6787581,4290650304.0,4.13,-2.51,-0.14,5.26
2021-10-29,000100,5.45,5.24,5.51,5.09,8687395,5325408480.0,7.73,-3.5,-0.19,6.73
2021-11-05,000100,5.22,5.36,5.59,5.21,11068525,6933787328.0,7.25,2.29,0.12,8.58
2021-11-12,000100,5.36,5.54,5.64,5.26,7918654,5004687936.0,7.09,3.36,0.18,5.9
2021-11-19,000100,5.54,5.52,5.74,5.43,7961930,5112343440.0,5.6,-0.36,-0.02,5.93
2021-11-26,000100,5.52,5.35,5.62,5.35,6427530,4078633904.0,4.89,-3.08,-0.17,4.79
2021-12-03,000100,5.27,5.29,5.36,5.24,5247326,3209209056.0,2.24,-1.12,-0.06,3.91
2021-12-10,000100,5.29,5.64,5.79,5.24,13693081,8718753120.0,10.4,6.62,0.35,10.2
2021-12-17,000100,5.62,5.47,5.72,5.47,8958616,5776718288.0,4.43,-3.01,-0.17,6.68
2021-12-24,000100,5.44,5.32,5.5,5.31,5354549,3334310288.0,3.47,-2.74,-0.15,3.99
2021-12-31,000100,5.33,5.34,5.41,5.3,5389503,3328372240.0,2.07,0.38,0.02,4.02
2022-01-07,000100,5.35,5.51,5.59,5.32,7438276,4681829792.0,5.06,3.18,0.17,5.54
2022-01-14,000100,5.52,5.33,5.62,5.32,6895699,4358460112.0,5.44,-3.27,-0.18,5.14
2022-01-21,000100,5.32,5.26,5.38,5.25,4975513,3054863312.0,2.44,-1.31,-0.07,3.71
2022-01-28,000100,5.23,4.83,5.24,4.75,7047881,4058668816.0,9.32,-8.17,-0.43,5.25
2022-02-11,000100,4.93,5.04,5.13,4.88,4922033,2870754864.0,5.18,4.35,0.21,3.67
2022-02-18,000100,5.01,4.94,5.06,4.85,3770734,2166941232.0,4.17,-1.98,-0.1,2.81
2022-02-25,000100,4.92,4.86,5.03,4.81,6095504,3481007392.0,4.45,-1.62,-0.08,4.54
2022-03-04,000100,4.84,4.63,4.84,4.62,4643971,2559212752.0,4.53,-4.73,-0.23,3.46
2022-03-11,000100,4.61,4.38,4.61,4.05,8731310,4427615856.0,12.1,-5.4,-0.25,6.51
2022-03-18,000100,4.32,4.17,4.45,3.92,7802187,3805758992.0,12.1,-4.79,-0.21,5.81
2022-03-25,000100,4.26,4.16,4.37,4.15,6237934,3110593680.0,5.28,-0.24,-0.01,4.65
2022-04-01,000100,4.12,4.18,4.25,4.05,5379665,2634546224.0,4.81,0.48,0.02,4.01
2022-04-08,000100,4.16,4.17,4.22,4.04,3095847,1505454976.0,4.31,-0.24,-0.01,2.31
2022-04-15,000100,4.15,4.06,4.16,4.0,4651844,2227268480.0,3.84,-2.64,-0.11,3.47
2022-04-22,000100,4.04,3.8,4.07,3.66,5520321,2530475456.0,10.1,-6.4,-0.26,4.11
2022-04-29,000100,3.71,3.53,3.78,3.4,8577429,3589953744.0,10.0,-7.11,-0.27,6.39
2022-05-06,000100,3.52,3.47,3.58,3.45,2440215,1014958848.0,3.68,-1.7,-0.06,1.82
2022-05-13,000100,3.46,3.6,3.75,3.33,9023735,3786580672.0,12.1,3.75,0.13,6.72
2022-05-20,000100,3.62,3.79,3.92,3.49,7564288,3269394448.0,11.94,5.28,0.19,5.64
2022-05-27,000100,3.77,3.74,3.89,3.62,6622478,2920771520.0,7.12,-1.32,-0.05,4.94
2022-06-02,000100,3.76,3.82,3.89,3.73,4993687,2224363616.0,4.28,2.14,0.08,3.72
2022-06-10,000100,3.82,3.77,3.89,3.67,6967256,2997677856.0,5.76,-1.31,-0.05,5.19
2022-06-17,000100,3.73,3.93,4.17,3.61,17054729,7667152608.0,14.85,4.24,0.16,12.71
2022-06-24,000100,3.93,3.94,3.99,3.81,8179576,3635113024.0,4.58,0.25,0.01,6.1
2022-07-01,000100,3.95,4.24,4.32,3.93,14777599,6977185872.0,9.9,7.61,0.3,11.01
2022-07-08,000100,4.19,4.19,4.45,4.02,11326942,5417500048.0,10.14,-1.18,-0.05,8.44
2022-07-15,000100,4.19,3.79,4.21,3.78,8495618,3852184854.02,10.26,-9.55,-0.4,6.33
2022-07-22,000100,3.77,3.82,3.89,3.74,5506917,2397989347.32,3.96,0.79,0.03,4.1
2022-07-29,000100,3.82,3.91,4.0,3.71,5718744,2506463003.37,7.59,2.36,0.09,4.26
2022-08-05,000100,3.9,3.92,3.94,3.76,6054829,2649011663.33,4.6,0.26,0.01,4.51
2022-08-12,000100,3.92,3.92,4.0,3.85,4906949,2184888148.69,3.83,0.0,0.0,3.66
2022-08-19,000100,3.92,3.99,4.12,3.89,7338712,3340723602.64,5.87,1.79,0.07,5.47
2022-08-26,000100,3.97,3.79,4.09,3.79,5878927,2625071538.22,7.52,-5.01,-0.2,4.38
2022-09-02,000100,3.73,3.6,3.74,3.57,5352978,2229817524.46,4.49,-5.01,-0.19,3.99
2022-09-09,000100,3.6,3.65,3.66,3.53,3464813,1425684611.72,3.61,1.39,0.05,2.58
2022-09-16,000100,3.65,3.47,3.67,3.47,3149430,1284939640.46,5.48,-4.93,-0.18,2.35
2022-09-23,000100,3.45,3.3,3.46,3.28,3401768,1305886449.02,5.19,-4.9,-0.17,2.54
2022-09-30,000100,3.26,3.17,3.29,3.13,3532643,1300851514.36,4.85,-3.94,-0.13,2.63
2022-10-14,000100,3.21,3.6,3.63,3.14,9761218,3838487672.8,15.46,13.56,0.43,7.28
2022-10-21,000100,3.58,3.72,3.92,3.57,10978442,4702416950.95,9.72,3.33,0.12,8.18
2022-10-28,000100,3.73,3.59,3.81,3.54,6751667,2823338120.88,7.26,-3.49,-0.13,5.03
2022-11-04,000100,3.54,3.65,3.69,3.39,8418277,3416285030.39,8.36,1.67,0.06,6.27
2022-11-11,000100,3.65,3.7,3.74,3.56,8644850,3596930580.43,4.93,1.37,0.05,6.44
2022-11-18,000100,3.72,3.82,4.01,3.66,16484179,7249695142.06,9.46,3.24,0.12,12.29
2022-11-25,000100,3.8,3.65,3.85,3.62,7951738,3377792800.75,6.02,-4.45,-0.17,5.93
2022-12-02,000100,3.6,3.47,3.64,3.45,12423548,5014159256.24,5.21,-4.93,-0.18,9.1
2022-12-09,000100,3.49,3.49,3.54,3.45,8332469,3328818750.32,2.59,0.58,0.02,6.1
2022-12-16,000100,3.48,3.44,3.49,3.4,4602871,1806034195.48,2.58,-1.43,-0.05,3.37
2022-12-23,000100,3.44,3.26,3.45,3.21,5601767,2118905534.12,6.98,-5.23,-0.18,4.1
2022-12-30,000100,3.25,3.25,3.3,3.22,3323827,1237432058.96,2.45,-0.31,-0.01,2.43
2023-01-06,000100,3.25,3.38,3.44,3.22,5558690,2129881969.57,6.77,4.0,0.13,4.07
2023-01-13,000100,3.4,3.38,3.44,3.33,5187421,2005659819.31,3.25,0.0,0.0,3.8
2023-01-20,000100,3.37,3.62,3.78,3.36,10501619,4251763340.41,12.43,7.1,0.24,7.69
2023-02-03,000100,3.65,3.66,3.8,3.61,11341887,4769862645.61,5.25,1.1,0.04,8.31
2023-02-10,000100,3.64,3.69,3.75,3.58,6192071,2578706209.1,4.64,0.82,0.03,4.54
2023-02-17,000100,3.69,3.78,4.1,3.65,20371959,9077133193.78,12.2,2.44,0.09,14.92
2023-02-24,000100,3.77,3.92,4.05,3.76,12118061,5416060849.35,7.67,3.7,0.14,8.88
2023-03-03,000100,3.88,3.92,3.98,3.84,7194356,3199845388.73,3.57,0.0,0.0,5.27
2023-03-10,000100,3.92,3.76,4.09,3.75,9698892,4284392153.68,8.67,-4.08,-0.16,7.1
2023-03-17,000100,3.73,3.71,3.8,3.63,6997378,2963718392.2,4.52,-1.33,-0.05,5.13
2023-03-24,000100,3.69,4.05,4.1,3.68,13706883,6109466214.43,11.32,9.16,0.34,10.04
2023-03-31,000100,4.04,3.9,4.06,3.82,9087049,4030377401.74,5.93,-3.7,-0.15,6.66
2023-04-07,000100,3.87,4.08,4.19,3.84,9500958,4345222731.84,8.97,4.62,0.18,6.96
2023-04-14,000100,4.05,3.92,4.12,3.9,8172965,3716753916.71,5.39,-3.92,-0.16,5.99
2023-04-21,000100,3.92,3.71,3.95,3.7,7465547,3259722030.13,6.38,-5.36,-0.21,5.47
2023-04-28,000100,3.7,3.51,3.72,3.44,8174144,3299498881.54,7.55,-5.39,-0.2,5.99
2023-05-05,000100,3.5,3.46,3.51,3.38,4274341,1672874716.22,3.7,-1.42,-0.05,3.13
2023-05-12,000100,3.47,3.49,3.57,3.38,8283466,2982183283.3,5.49,0.87,0.03,5.52
2023-05-19,000100,3.49,3.54,3.59,3.42,5552376,2016482567.23,4.87,1.43,0.05,3.7
2023-05-26,000100,3.55,3.39,3.65,3.28,8325014,2994819049.23,10.45,-4.24,-0.15,5.54
2023-06-02,000100,3.44,3.73,3.74,3.44,12380900,4667432936.53,8.85,10.03,0.34,8.24
2023-06-09,000100,3.73,3.77,3.84,3.65,11916683,4616701528.25,5.09,1.07,0.04,7.94
2023-06-16,000100,3.8,3.81,3.81,3.65,8565168,3313899681.2,4.24,1.06,0.04,5.7
2023-06-21,000100,3.79,3.68,3.81,3.68,4218306,1636561210.93,3.41,-3.41,-0.13,2.81
2023-06-30,000100,3.62,3.81,3.85,3.54,21165647,8078008457.74,8.42,3.53,0.13,11.69
2023-07-07,000100,3.87,4.03,4.13,3.81,16692888,6821187778.59,8.4,5.77,0.22,9.22
2023-07-14,000100,4.05,4.35,4.37,4.01,16031374,6878965306.49,8.93,7.94,0.32,8.86
2023-07-21,000100,4.35,4.13,4.4,4.1,14712943,6454386925.04,6.9,-5.06,-0.22,8.13
2023-07-28,000100,4.14,4.15,4.21,4.0,11567234,4912040694.62,5.08,0.48,0.02,6.39
2023-08-04,000100,4.16,4.14,4.21,4.12,7918751,3394596765.05,2.17,-0.24,-0.01,4.38
2023-08-11,000100,4.14,3.77,4.17,3.77,9105141,3722552287.22,9.66,-8.94,-0.37,5.03
2023-08-18,000100,3.76,3.73,3.91,3.71,7828128,3095311625.37,5.31,-1.06,-0.04,4.33
2023-08-25,000100,3.73,3.68,3.86,3.66,7900634,3058827979.99,5.36,-1.34,-0.05,4.37
2023-09-01,000100,3.87,4.0,4.01,3.66,11654554,4661376824.62,9.51,8.7,0.32,6.44
2023-09-08,000100,4.03,3.91,4.13,3.88,10553944,4375300155.96,6.25,-2.25,-0.09,5.83
2023-09-15,000100,3.94,3.86,3.98,3.82,8100284,3259874041.25,4.09,-1.28,-0.05,4.48
2023-09-22,000100,3.85,3.9,3.92,3.77,7414621,2946896217.51,3.89,1.04,0.04,4.1
2023-09-28,000100,3.91,3.95,3.97,3.8,6302681,2517995031.13,4.36,1.28,0.05,3.48
2023-10-13,000100,3.94,4.05,4.09,3.84,8213853,3381942874.84,6.33,2.53,0.1,4.54
2023-10-20,000100,4.04,3.72,4.04,3.72,9721276,3896917983.62,7.9,-8.15,-0.33,5.37
2023-10-27,000100,3.71,3.71,3.73,3.59,7989249,3034164829.9,3.76,-0.27,-0.01,4.41
2023-11-03,000100,3.71,3.9,3.95,3.67,14153609,5593637187.5,7.55,5.12,0.19,7.82
2023-11-10,000100,3.92,3.97,4.07,3.92,12673881,5239281495.07,3.85,1.79,0.07,7.0
2023-11-17,000100,3.98,4.04,4.1,3.97,8745995,3647003486.78,3.27,1.76,0.07,4.83
2023-11-24,000100,4.04,3.98,4.05,3.91,7200819,2959745094.04,3.47,-1.49,-0.06,3.98
2023-12-01,000100,4.0,4.05,4.14,3.97,9520600,3975520201.87,4.27,1.76,0.07,5.26
2023-12-08,000100,4.05,4.04,4.08,3.93,10798670,4471715192.43,3.7,-0.25,-0.01,5.97
2023-12-15,000100,4.04,3.78,4.04,3.75,11223956,4486274068.75,7.18,-6.44,-0.26,6.2
2023-12-22,000100,3.78,3.78,3.86,3.73,7572580,2965322411.38,3.44,0.0,0.0,4.18
2023-12-29,000100,3.79,4.17,4.17,3.78,13439768,5534131137.71,10.32,10.32,0.39,7.43
2024-01-05,000100,4.15,4.1,4.2,4.03,10574851,4479499980.13,4.08,-1.68,-0.07,5.84
2024-01-12,000100,4.12,4.12,4.3,4.06,11578864,4974265070.13,5.85,0.49,0.02,6.4
2024-01-19,000100,4.1,4.15,4.21,4.02,9583383,4085778291.9,4.61,0.73,0.03,5.3
2024-01-26,000100,4.13,4.19,4.22,3.96,11943891,5044224035.27,6.27,0.96,0.04,6.6
2024-02-02,000100,4.22,3.97,4.24,3.86,11188054,4668049746.26,9.07,-5.25,-0.22,6.18
2024-02-08,000100,3.92,4.03,4.12,3.8,11858880,4894337122.43,8.06,1.51,0.06,6.55
2024-02-23,000100,4.07,4.29,4.37,4.03,13263634,5801367338.07,8.44,6.45,0.26,7.33
2024-03-01,000100,4.3,4.7,4.73,4.14,16795722,7591082096.41,13.75,9.56,0.41,9.28
2024-03-08,000100,4.72,4.6,4.76,4.5,16789074,7984456394.65,5.53,-2.13,-0.1,9.28
2024-03-15,000100,4.6,4.55,4.68,4.43,10681919,4979370789.34,5.43,-1.09,-0.05,5.9
2024-03-22,000100,4.53,4.35,4.61,4.32,13179841,6073053622.48,6.37,-4.4,-0.2,7.28
2024-03-29,000100,4.33,4.54,4.57,4.28,12287708,5591749042.77,6.67,4.37,0.19,6.79
2024-04-03,000100,4.6,4.99,5.03,4.59,23560025,11909899220.95,9.69,9.91,0.45,13.02
2024-04-12,000100,4.94,4.73,5.04,4.71,14517866,7243817750.42,6.61,-5.21,-0.26,8.02
2024-04-19,000100,4.7,4.85,4.97,4.66,13480012,6680475849.83,6.55,2.54,0.12,7.45
2024-04-26,000100,4.83,4.8,4.85,4.62,12942212,6300450411.64,4.74,-1.03,-0.05,7.15
2024-04-30,000100,4.79,4.65,4.82,4.62,7676732,3699598103.41,4.17,-3.13,-0.15,4.24
2024-05-10,000100,4.73,4.57,4.86,4.39,23871864,11276974482.63,10.11,-1.72,-0.08,13.19
2024-05-17,000100,4.54,4.52,4.65,4.39,11518916,5316972515.86,5.69,-1.09,-0.05,6.36
2024-05-24,000100,4.52,4.3,4.56,4.28,15069225,6805926785.07,6.19,-4.87,-0.22,8.33
2024-05-31,000100,4.31,4.15,4.34,4.13,12804490,5556490060.78,4.88,-3.49,-0.15,7.07
2024-06-07,000100,4.15,4.42,4.5,4.11,13622452,6000157995.74,9.4,6.51,0.27,7.53
2024-06-14,000100,4.4,4.29,4.46,4.24,6995656,3075971643.6,4.98,-2.94,-0.13,3.86
2024-06-21,000100,4.25,4.19,4.4,4.09,13009582,5605494628.23,7.23,-2.33,-0.1,7.19
2024-06-28,000100,4.18,4.27,4.33,4.12,9610918,4099033994.96,5.01,1.91,0.08,5.31
2024-07-05,000100,4.26,4.17,4.35,4.12,10701771,4572762910.78,5.39,-2.34,-0.1,5.91
2024-07-12,000100,4.16,4.23,4.25,3.94,16460064,6819692495.09,7.43,1.44,0.06,9.09
2024-07-19,000100,4.19,3.93,4.2,3.86,13027235,5268753165.29,8.04,-7.09,-0.3,7.2
2024-07-26,000100,3.92,3.82,3.94,3.6,12475186,4756353709.16,8.65,-2.8,-0.11,6.89
2024-08-02,000100,3.83,3.8,3.89,3.7,9998266,3860437227.52,4.97,-0.52,-0.02,5.52
2024-08-09,000100,3.76,3.66,3.83,3.65,7943314,2983502303.5,4.74,-3.68,-0.14,4.39
2024-08-16,000100,3.66,3.76,3.81,3.61,7912239,2976210671.29,5.46,2.73,0.1,4.37
2024-08-23,000100,3.76,3.82,3.87,3.74,7341971,2829431482.33,3.46,1.6,0.06,4.06
2024-08-30,000100,3.83,3.86,3.9,3.66,10047227,3872571113.75,6.28,1.05,0.04,5.55
2024-09-06,000100,3.85,3.79,3.89,3.78,6400963,2484989400.32,2.85,-1.81,-0.07,3.54
2024-09-13,000100,3.77,3.58,3.79,3.58,6564157,2461074353.41,5.54,-5.54,-0.21,3.63
2024-09-20,000100,3.59,3.69,3.69,3.51,4527369,1658358015.15,5.03,3.07,0.11,2.5
2024-09-27,000100,3.68,4.21,4.25,3.66,14992842,5962918418.61,15.99,14.09,0.52,8.28
2024-09-30,000100,4.33,4.53,4.55,4.25,7515877,3360447130.53,7.13,7.6,0.32,4.15
2024-10-11,000100,4.98,4.15,4.99,4.11,27302487,12468095883.45,19.43,-8.39,-0.38,15.09
2024-10-18,000100,4.15,4.09,4.27,3.98,16117266,6693794603.56,6.99,-1.45,-0.06,8.91
2024-10-25,000100,4.13,4.42,4.45,4.08,28349427,12237271386.47,9.05,8.07,0.33,15.66
2024-11-01,000100,4.44,5.14,5.78,4.27,95642804,49065521844.46,34.16,16.29,0.72,52.85
2024-11-08,000100,4.96,5.19,5.37,4.9,85163611,43941804927.52,9.14,0.97,0.05,47.06
2024-11-15,000100,5.19,4.87,5.38,4.84,48338829,24949520787.42,10.4,-6.17,-0.32,26.71
2024-11-22,000100,4.92,4.54,5.0,4.52,31141917,14942048186.93,9.86,-6.78,-0.33,17.21
2024-11-29,000100,4.52,4.63,4.67,4.42,22367082,10258887478.53,5.51,1.98,0.09,12.36
2024-12-06,000100,4.6,4.66,4.68,4.52,20213438,9425796648.52,3.46,0.65,0.03,11.17
2024-12-13,000100,4.64,4.96,5.08,4.61,41177536,20509755758.58,10.09,6.44,0.3,22.75
2024-12-20,000100,4.96,5.02,5.14,4.88,32095814,16268126701.63,5.24,1.21,0.06,17.73
2024-12-27,000100,5.02,5.11,5.27,4.99,29962007,15504181013.28,5.58,1.79,0.09,16.56
2025-01-03,000100,5.11,4.83,5.19,4.8,19389329,9795908643.01,7.63,-5.48,-0.28,10.71
2025-01-10,000100,4.84,4.72,5.1,4.72,22123263,10927387836.33,7.87,-2.28,-0.11,12.22
2025-01-17,000100,4.68,4.87,4.93,4.65,14014057,6851687852.06,5.93,3.18,0.15,7.74
2025-01-24,000100,4.9,4.99,5.2,4.89,21198603,10814899258.82,6.37,2.46,0.12,11.71
2025-01-27,000100,4.99,4.96,5.04,4.94,2255011,1137836553.16,2.0,-0.6,-0.03,1.25
2025-02-07,000100,4.99,5.04,5.12,4.91,10368133,5263775380.07,4.23,1.61,0.08,5.73
2025-02-14,000100,5.04,4.92,5.06,4.8,17727085,8801949092.01,5.16,-2.38,-0.12,9.79
2025-02-21,000100,4.9,4.82,5.11,4.73,25440540,12511697931.37,7.72,-2.03,-0.1,14.06
2025-02-28,000100,4.84,4.57,4.87,4.56,19769942,9447921742.13,6.43,-5.19,-0.25,10.92
2025-03-07,000100,4.58,4.72,4.83,4.57,18060418,8619587346.29,5.69,3.28,0.15,9.98
2025-03-14,000100,4.71,4.7,4.74,4.58,11813539,5546708433.88,3.39,-0.42,-0.02,6.53
2025-03-21,000100,4.71,4.51,4.78,4.51,12107157,5704763683.98,5.74,-4.04,-0.19,6.69
2025-03-28,000100,4.52,4.38,4.56,4.37,9774078,4408209792.24,4.21,-2.88,-0.13,5.4
2025-04-03,000100,4.35,4.34,4.48,4.32,8159419,3640357126.19,3.65,-0.91,-0.04,4.51
2025-04-11,000100,4.04,3.93,4.05,3.63,19484875,7651937407.23,9.68,-9.45,-0.41,10.77
2025-04-18,000100,4.01,4.05,4.06,3.9,11523178,4650646457.24,4.07,3.05,0.12,6.37
2025-04-25,000100,4.04,4.03,4.07,3.93,9275028,3766426001.67,3.46,-0.49,-0.02,5.12
2025-04-30,000100,4.01,4.1,4.15,3.97,9178526,3783395821.36,4.47,1.74,0.07,5.07
2025-05-09,000100,4.11,4.22,4.3,4.11,8643768,3682757291.11,4.63,2.93,0.12,4.78
2025-05-16,000100,4.25,4.28,4.4,4.2,10474529,4540630626.2,4.74,1.42,0.06,5.79
2025-05-23,000100,4.27,4.25,4.39,4.22,7011099,3056249480.0,3.97,-0.7,-0.03,3.87
2025-05-30,000100,4.28,4.23,4.4,4.22,9673704,4235604943.12,4.24,-0.47,-0.02,5.34
2025-06-06,000100,4.23,4.26,4.31,4.19,7389081,3179813222.39,2.84,0.71,0.03,4.08
2025-06-13,000100,4.26,4.25,4.34,4.18,9586089,4129898400.68,3.76,-0.23,-0.01,5.3
2025-06-20,000100,4.24,4.3,4.34,4.22,6887669,2991137997.55,2.82,1.18,0.05,3.81
2025-06-27,000100,4.27,4.29,4.37,4.21,12849451,5562559371.95,3.72,-0.23,-0.01,7.1
2025-07-04,000100,4.3,4.39,4.48,4.25,12402261,5467019432.11,5.36,2.33,0.1,6.85
2025-07-11,000100,4.39,4.47,4.52,4.28,13939089,6175719494.42,5.47,1.82,0.08,7.7
2025-07-18,000100,4.47,4.51,4.6,4.41,13146097,5959520341.23,4.25,0.89,0.04,7.26
2025-07-25,000100,4.51,4.61,4.68,4.49,14622025,6747008232.26,4.21,2.22,0.1,8.08
2025-08-01,000100,4.61,4.43,4.64,4.38,13772053,6184008887.87,5.64,-3.9,-0.18,7.61
2025-08-08,000100,4.41,4.42,4.57,4.38,13647889,6100349058.6,4.29,-0.23,-0.01,7.54
2025-08-15,000100,4.42,4.49,4.5,4.38,11181573,4981402654.65,2.71,1.58,0.07,6.18
2025-08-22,000100,4.51,4.78,4.78,4.49,18985124,8761733575.41,6.46,6.46,0.29,10.49
2025-08-29,000100,4.82,4.64,4.87,4.58,27743422,13101913465.6,6.07,-2.93,-0.14,15.33
