﻿idx,reason
2,连续相同方向: sell
5,连续相同方向: sell
8,连续相同方向: sell
11,连续相同方向: sell
14,连续相同方向: sell
19,连续相同方向: sell
24,连续相同方向: sell
27,连续相同方向: sell
32,连续相同方向: sell
35,连续相同方向: sell
40,连续相同方向: sell
43,连续相同方向: sell
52,连续相同方向: sell
61,连续相同方向: sell
66,连续相同方向: sell
69,连续相同方向: sell
72,连续相同方向: sell
75,连续相同方向: sell
78,连续相同方向: sell
81,连续相同方向: sell
88,连续相同方向: sell
91,连续相同方向: sell
94,连续相同方向: sell
97,连续相同方向: sell
110,连续相同方向: sell
115,连续相同方向: sell
118,连续相同方向: sell
123,连续相同方向: sell
140,连续相同方向: sell
143,连续相同方向: sell
146,连续相同方向: sell
151,连续相同方向: sell
154,连续相同方向: sell
157,连续相同方向: sell
174,连续相同方向: sell
179,连续相同方向: sell
182,连续相同方向: sell
187,连续相同方向: sell
190,连续相同方向: sell
193,连续相同方向: sell
204,连续相同方向: sell
209,连续相同方向: sell
222,连续相同方向: sell
225,连续相同方向: sell
228,连续相同方向: sell
233,连续相同方向: sell
236,连续相同方向: sell
243,连续相同方向: sell
248,连续相同方向: sell
257,连续相同方向: sell
260,连续相同方向: sell
263,连续相同方向: sell
266,连续相同方向: sell
269,连续相同方向: sell
274,连续相同方向: sell
277,连续相同方向: sell
286,连续相同方向: sell
289,连续相同方向: sell
306,连续相同方向: sell
311,连续相同方向: sell
316,连续相同方向: sell
319,连续相同方向: sell
322,连续相同方向: sell
327,连续相同方向: sell
330,连续相同方向: sell
335,连续相同方向: sell
340,连续相同方向: sell
343,连续相同方向: sell
346,连续相同方向: sell
349,连续相同方向: sell
356,连续相同方向: sell
359,连续相同方向: sell
362,连续相同方向: sell
369,连续相同方向: sell
372,连续相同方向: sell
379,连续相同方向: sell
386,连续相同方向: sell
389,连续相同方向: sell
396,连续相同方向: sell
399,连续相同方向: sell
402,连续相同方向: sell
405,连续相同方向: sell
408,连续相同方向: sell
411,连续相同方向: sell
418,连续相同方向: sell
421,连续相同方向: sell
424,连续相同方向: sell
427,连续相同方向: sell
430,连续相同方向: sell
435,连续相同方向: sell
438,连续相同方向: sell
441,连续相同方向: sell
448,连续相同方向: sell
451,连续相同方向: sell
454,连续相同方向: sell
457,连续相同方向: sell
460,连续相同方向: sell
463,连续相同方向: sell
466,连续相同方向: sell
469,连续相同方向: sell
474,连续相同方向: sell
479,连续相同方向: sell
486,连续相同方向: sell
491,连续相同方向: sell
494,连续相同方向: sell
497,连续相同方向: sell
500,连续相同方向: sell
505,连续相同方向: sell
514,连续相同方向: sell
519,连续相同方向: sell
528,连续相同方向: sell
531,连续相同方向: sell
534,连续相同方向: sell
537,连续相同方向: sell
542,连续相同方向: sell
547,连续相同方向: sell
552,连续相同方向: sell
555,连续相同方向: sell
558,连续相同方向: sell
563,连续相同方向: sell
566,连续相同方向: sell
571,连续相同方向: sell
574,连续相同方向: sell
577,连续相同方向: sell
582,连续相同方向: sell
585,连续相同方向: sell
588,连续相同方向: sell
597,连续相同方向: sell
600,连续相同方向: sell
605,连续相同方向: sell
612,连续相同方向: sell
619,连续相同方向: sell
628,连续相同方向: sell
631,连续相同方向: sell
634,连续相同方向: sell
637,连续相同方向: sell
640,连续相同方向: sell
647,连续相同方向: sell
652,连续相同方向: sell
655,连续相同方向: sell
664,连续相同方向: sell
669,连续相同方向: sell
676,连续相同方向: sell
681,连续相同方向: sell
684,连续相同方向: sell
689,连续相同方向: sell
696,连续相同方向: sell
699,连续相同方向: sell
702,连续相同方向: sell
705,连续相同方向: sell
708,连续相同方向: sell
713,连续相同方向: sell
716,连续相同方向: sell
719,连续相同方向: sell
722,连续相同方向: sell
725,连续相同方向: sell
728,连续相同方向: sell
737,连续相同方向: sell
750,连续相同方向: sell
753,连续相同方向: sell
756,连续相同方向: sell
763,连续相同方向: sell
766,连续相同方向: sell
771,连续相同方向: sell
776,连续相同方向: sell
787,连续相同方向: sell
792,连续相同方向: sell
805,连续相同方向: sell
810,连续相同方向: sell
813,连续相同方向: sell
816,连续相同方向: sell
827,连续相同方向: sell
