﻿datetime,type,price,qty,fee,strategy_file
2010-01-04,buy,21.19,4719,0.0,weekly_mf.py
2010-01-08,sell,20.69,4719,0.0,weekly_mf.py
2010-01-11,buy,20.69,4719,0.0,weekly_mf.py
2010-01-15,sell,20.04,4719,0.0,weekly_mf.py
2010-01-18,buy,20.24,4672,0.0,weekly_mf.py
2010-01-22,sell,20.9,4672,0.0,weekly_mf.py
2010-01-25,buy,20.46,4773,0.0,weekly_mf.py
2010-01-29,sell,19.62,4773,0.0,weekly_mf.py
2010-02-01,buy,19.22,4872,0.0,weekly_mf.py
2010-02-05,sell,19.42,4872,0.0,weekly_mf.py
2010-02-08,buy,19.22,4923,0.0,weekly_mf.py
2010-02-12,sell,19.81,4923,0.0,weekly_mf.py
2010-02-22,buy,19.68,4955,0.0,weekly_mf.py
2010-02-26,sell,20.74,4955,0.0,weekly_mf.py
2010-03-01,buy,20.74,4955,0.0,weekly_mf.py
2010-03-05,sell,20.74,4955,0.0,weekly_mf.py
2010-03-08,buy,20.74,4955,0.0,weekly_mf.py
2010-03-12,sell,21.04,4955,0.0,weekly_mf.py
2010-03-15,buy,20.68,5041,0.0,weekly_mf.py
2010-03-19,sell,21.8,5041,0.0,weekly_mf.py
2010-03-22,buy,22.21,4948,0.0,weekly_mf.py
2010-03-26,sell,22.26,4948,0.0,weekly_mf.py
2010-03-29,buy,22.98,4793,0.0,weekly_mf.py
2010-04-02,sell,22.91,4793,0.0,weekly_mf.py
2010-04-12,buy,22.43,4896,0.0,weekly_mf.py
2010-04-16,sell,22.06,4896,0.0,weekly_mf.py
2010-04-19,buy,20.56,5253,0.0,weekly_mf.py
2010-04-23,sell,20.39,5253,0.0,weekly_mf.py
2010-04-26,buy,20.46,5235,0.0,weekly_mf.py
2010-04-30,sell,20.59,5235,0.0,weekly_mf.py
2010-05-10,buy,18.98,5679,0.0,weekly_mf.py
2010-05-14,sell,19.4,5679,0.0,weekly_mf.py
2010-05-17,buy,18.66,5904,0.0,weekly_mf.py
2010-05-21,sell,19.23,5904,0.0,weekly_mf.py
2010-05-24,buy,19.74,5752,0.0,weekly_mf.py
2010-05-28,sell,19.13,5752,0.0,weekly_mf.py
2010-05-31,buy,18.54,5935,0.0,weekly_mf.py
2010-06-04,sell,18.17,5935,0.0,weekly_mf.py
2010-06-07,buy,17.64,6113,0.0,weekly_mf.py
2010-06-11,sell,13.82,6113,0.0,weekly_mf.py
2010-06-21,buy,14.48,5835,0.0,weekly_mf.py
2010-06-25,sell,14.4,5835,0.0,weekly_mf.py
2010-06-28,buy,14.43,5823,0.0,weekly_mf.py
2010-07-02,sell,13.67,5823,0.0,weekly_mf.py
2010-07-05,buy,13.53,5883,0.0,weekly_mf.py
2010-07-09,sell,14.23,5883,0.0,weekly_mf.py
2010-07-12,buy,14.43,5801,0.0,weekly_mf.py
2010-07-16,sell,14.15,5801,0.0,weekly_mf.py
2010-07-19,buy,14.53,5650,0.0,weekly_mf.py
2010-07-23,sell,14.92,5650,0.0,weekly_mf.py
2010-07-26,buy,14.89,5661,0.0,weekly_mf.py
2010-07-30,sell,14.98,5661,0.0,weekly_mf.py
2010-08-02,buy,15.3,5542,0.0,weekly_mf.py
2010-08-06,sell,14.69,5542,0.0,weekly_mf.py
2010-08-09,buy,14.6,5577,0.0,weekly_mf.py
2010-08-13,sell,13.99,5577,0.0,weekly_mf.py
2010-08-16,buy,14.3,5456,0.0,weekly_mf.py
2010-08-20,sell,14.19,5456,0.0,weekly_mf.py
2010-08-23,buy,14.34,5399,0.0,weekly_mf.py
2010-08-27,sell,13.98,5399,0.0,weekly_mf.py
2010-08-30,buy,14.1,5353,0.0,weekly_mf.py
2010-09-03,sell,13.95,5353,0.0,weekly_mf.py
2010-09-06,buy,14.23,5247,0.0,weekly_mf.py
2010-09-10,sell,13.51,5247,0.0,weekly_mf.py
2010-09-13,buy,13.49,5255,0.0,weekly_mf.py
2010-09-17,sell,12.96,5255,0.0,weekly_mf.py
2010-09-20,buy,12.96,5255,0.0,weekly_mf.py
2010-10-08,sell,13.36,5255,0.0,weekly_mf.py
2010-10-11,buy,13.89,5055,0.0,weekly_mf.py
2010-10-15,sell,15.25,5055,0.0,weekly_mf.py
2010-10-18,buy,15.35,5022,0.0,weekly_mf.py
2010-10-22,sell,14.55,5022,0.0,weekly_mf.py
2010-10-25,buy,14.72,4964,0.0,weekly_mf.py
2010-10-29,sell,14.48,4964,0.0,weekly_mf.py
2010-11-01,buy,14.65,4906,0.0,weekly_mf.py
2010-11-05,sell,14.72,4906,0.0,weekly_mf.py
2010-11-08,buy,14.91,4844,0.0,weekly_mf.py
2010-11-12,sell,13.38,4844,0.0,weekly_mf.py
2010-11-15,buy,13.53,4790,0.0,weekly_mf.py
2010-11-19,sell,13.12,4790,0.0,weekly_mf.py
2010-11-22,buy,12.87,4883,0.0,weekly_mf.py
2010-11-26,sell,13.04,4883,0.0,weekly_mf.py
2010-11-29,buy,12.96,4913,0.0,weekly_mf.py
2010-12-03,sell,12.82,4913,0.0,weekly_mf.py
2010-12-06,buy,13.05,4827,0.0,weekly_mf.py
2010-12-10,sell,12.78,4827,0.0,weekly_mf.py
2010-12-13,buy,13.0,4745,0.0,weekly_mf.py
2010-12-17,sell,12.72,4745,0.0,weekly_mf.py
2010-12-20,buy,12.43,4856,0.0,weekly_mf.py
2010-12-24,sell,12.74,4856,0.0,weekly_mf.py
2010-12-27,buy,12.51,4945,0.0,weekly_mf.py
2010-12-31,sell,12.39,4945,0.0,weekly_mf.py
2011-01-10,buy,13.07,4688,0.0,weekly_mf.py
2011-01-14,sell,13.14,4688,0.0,weekly_mf.py
2011-01-17,buy,12.61,4885,0.0,weekly_mf.py
2011-01-21,sell,12.75,4885,0.0,weekly_mf.py
2011-01-24,buy,12.74,4888,0.0,weekly_mf.py
2011-01-28,sell,12.69,4888,0.0,weekly_mf.py
2011-01-31,buy,12.72,4877,0.0,weekly_mf.py
2011-02-11,sell,12.75,4877,0.0,weekly_mf.py
2011-02-14,buy,13.14,4732,0.0,weekly_mf.py
2011-02-18,sell,13.04,4732,0.0,weekly_mf.py
2011-02-21,buy,13.01,4743,0.0,weekly_mf.py
2011-02-25,sell,12.65,4743,0.0,weekly_mf.py
2011-02-28,buy,12.71,4721,0.0,weekly_mf.py
2011-03-04,sell,13.56,4721,0.0,weekly_mf.py
2011-03-07,buy,13.61,4703,0.0,weekly_mf.py
2011-03-11,sell,13.1,4703,0.0,weekly_mf.py
2011-03-14,buy,13.12,4696,0.0,weekly_mf.py
2011-03-18,sell,12.9,4696,0.0,weekly_mf.py
2011-03-21,buy,12.94,4682,0.0,weekly_mf.py
2011-03-25,sell,13.4,4682,0.0,weekly_mf.py
2011-03-28,buy,13.44,4668,0.0,weekly_mf.py
2011-04-01,sell,14.14,4668,0.0,weekly_mf.py
2011-04-11,buy,14.53,4542,0.0,weekly_mf.py
2011-04-15,sell,15.08,4542,0.0,weekly_mf.py
2011-04-18,buy,15.0,4567,0.0,weekly_mf.py
2011-04-22,sell,14.45,4567,0.0,weekly_mf.py
2011-04-25,buy,14.54,4538,0.0,weekly_mf.py
2011-04-29,sell,14.28,4538,0.0,weekly_mf.py
2011-05-09,buy,13.76,4710,0.0,weekly_mf.py
2011-05-13,sell,13.83,4710,0.0,weekly_mf.py
2011-05-16,buy,13.69,4758,0.0,weekly_mf.py
2011-05-20,sell,14.24,4758,0.0,weekly_mf.py
2011-05-23,buy,13.86,4889,0.0,weekly_mf.py
2011-05-27,sell,13.69,4889,0.0,weekly_mf.py
2011-05-30,buy,13.8,4850,0.0,weekly_mf.py
2011-06-03,sell,10.09,4850,0.0,weekly_mf.py
2011-06-13,buy,9.79,4998,0.0,weekly_mf.py
2011-06-17,sell,9.56,4998,0.0,weekly_mf.py
2011-06-20,buy,9.65,4952,0.0,weekly_mf.py
2011-06-24,sell,10.1,4952,0.0,weekly_mf.py
2011-06-27,buy,10.07,4966,0.0,weekly_mf.py
2011-07-01,sell,9.74,4966,0.0,weekly_mf.py
2011-07-04,buy,10.1,4789,0.0,weekly_mf.py
2011-07-08,sell,10.14,4789,0.0,weekly_mf.py
2011-07-11,buy,10.05,4832,0.0,weekly_mf.py
2011-07-15,sell,10.09,4832,0.0,weekly_mf.py
2011-07-18,buy,10.0,4876,0.0,weekly_mf.py
2011-07-22,sell,9.7,4876,0.0,weekly_mf.py
2011-07-25,buy,9.43,5015,0.0,weekly_mf.py
2011-07-29,sell,9.4,5015,0.0,weekly_mf.py
2011-08-01,buy,9.32,5058,0.0,weekly_mf.py
2011-08-05,sell,9.03,5058,0.0,weekly_mf.py
2011-08-08,buy,8.73,5232,0.0,weekly_mf.py
2011-08-12,sell,9.03,5232,0.0,weekly_mf.py
2011-08-15,buy,9.37,5042,0.0,weekly_mf.py
2011-08-19,sell,9.02,5042,0.0,weekly_mf.py
2011-08-22,buy,8.98,5065,0.0,weekly_mf.py
2011-08-26,sell,9.46,5065,0.0,weekly_mf.py
2011-08-29,buy,9.18,5219,0.0,weekly_mf.py
2011-09-02,sell,9.29,5219,0.0,weekly_mf.py
2011-09-05,buy,9.15,5299,0.0,weekly_mf.py
2011-09-09,sell,9.3,5299,0.0,weekly_mf.py
2011-09-19,buy,8.81,5594,0.0,weekly_mf.py
2011-09-23,sell,8.73,5594,0.0,weekly_mf.py
2011-09-26,buy,8.44,5786,0.0,weekly_mf.py
2011-09-30,sell,8.54,5786,0.0,weekly_mf.py
2011-10-10,buy,8.42,5869,0.0,weekly_mf.py
2011-10-14,sell,8.83,5869,0.0,weekly_mf.py
2011-10-17,buy,8.92,5809,0.0,weekly_mf.py
2011-10-21,sell,8.89,5809,0.0,weekly_mf.py
2011-10-24,buy,9.16,5638,0.0,weekly_mf.py
2011-10-28,sell,9.38,5638,0.0,weekly_mf.py
2011-10-31,buy,9.21,5742,0.0,weekly_mf.py
2011-11-04,sell,9.31,5742,0.0,weekly_mf.py
2011-11-07,buy,9.18,5824,0.0,weekly_mf.py
2011-11-11,sell,9.08,5824,0.0,weekly_mf.py
2011-11-14,buy,9.21,5741,0.0,weekly_mf.py
2011-11-18,sell,8.8,5741,0.0,weekly_mf.py
2011-11-21,buy,8.74,5781,0.0,weekly_mf.py
2011-11-25,sell,8.62,5781,0.0,weekly_mf.py
2011-11-28,buy,8.6,5794,0.0,weekly_mf.py
2011-12-02,sell,8.8,5794,0.0,weekly_mf.py
2011-12-05,buy,8.8,5794,0.0,weekly_mf.py
2011-12-09,sell,8.7,5794,0.0,weekly_mf.py
2011-12-12,buy,8.66,5821,0.0,weekly_mf.py
2011-12-16,sell,8.62,5821,0.0,weekly_mf.py
2011-12-19,buy,8.61,5828,0.0,weekly_mf.py
2011-12-23,sell,8.54,5828,0.0,weekly_mf.py
2011-12-26,buy,8.47,5876,0.0,weekly_mf.py
2011-12-30,sell,8.49,5876,0.0,weekly_mf.py
2012-01-09,buy,8.95,5574,0.0,weekly_mf.py
2012-01-13,sell,9.04,5574,0.0,weekly_mf.py
2012-01-16,buy,8.97,5617,0.0,weekly_mf.py
2012-01-20,sell,9.42,5617,0.0,weekly_mf.py
2012-01-30,buy,9.22,5739,0.0,weekly_mf.py
2012-02-03,sell,9.44,5739,0.0,weekly_mf.py
2012-02-06,buy,9.39,5770,0.0,weekly_mf.py
2012-02-10,sell,9.37,5770,0.0,weekly_mf.py
2012-02-13,buy,9.27,5832,0.0,weekly_mf.py
2012-02-17,sell,9.26,5832,0.0,weekly_mf.py
2012-02-20,buy,9.26,5832,0.0,weekly_mf.py
2012-02-24,sell,9.51,5832,0.0,weekly_mf.py
2012-02-27,buy,9.48,5851,0.0,weekly_mf.py
2012-03-02,sell,9.69,5851,0.0,weekly_mf.py
2012-03-05,buy,9.58,5918,0.0,weekly_mf.py
2012-03-09,sell,9.47,5918,0.0,weekly_mf.py
2012-03-12,buy,9.38,5974,0.0,weekly_mf.py
2012-03-16,sell,9.25,5974,0.0,weekly_mf.py
2012-03-19,buy,9.28,5955,0.0,weekly_mf.py
2012-03-23,sell,9.06,5955,0.0,weekly_mf.py
2012-03-26,buy,9.13,5910,0.0,weekly_mf.py
2012-03-30,sell,8.93,5910,0.0,weekly_mf.py
2012-04-09,buy,8.84,5970,0.0,weekly_mf.py
2012-04-13,sell,9.14,5970,0.0,weekly_mf.py
2012-04-16,buy,9.06,6022,0.0,weekly_mf.py
2012-04-20,sell,9.31,6022,0.0,weekly_mf.py
2012-04-23,buy,9.24,6068,0.0,weekly_mf.py
2012-04-27,sell,9.41,6068,0.0,weekly_mf.py
2012-05-07,buy,9.42,6062,0.0,weekly_mf.py
2012-05-11,sell,9.16,6062,0.0,weekly_mf.py
2012-05-14,buy,9.08,6115,0.0,weekly_mf.py
2012-05-18,sell,8.86,6115,0.0,weekly_mf.py
2012-05-21,buy,8.87,6108,0.0,weekly_mf.py
2012-05-25,sell,8.79,6108,0.0,weekly_mf.py
2012-05-28,buy,8.87,6053,0.0,weekly_mf.py
2012-06-01,sell,8.78,6053,0.0,weekly_mf.py
2012-06-04,buy,8.59,6187,0.0,weekly_mf.py
2012-06-08,sell,8.34,6187,0.0,weekly_mf.py
2012-06-11,buy,8.34,6187,0.0,weekly_mf.py
2012-06-15,sell,8.47,6187,0.0,weekly_mf.py
2012-06-18,buy,8.46,6194,0.0,weekly_mf.py
2012-06-29,sell,8.13,6194,0.0,weekly_mf.py
2012-07-02,buy,8.09,6225,0.0,weekly_mf.py
2012-07-06,sell,7.97,6225,0.0,weekly_mf.py
2012-07-09,buy,7.67,6468,0.0,weekly_mf.py
2012-07-13,sell,7.73,6468,0.0,weekly_mf.py
2012-07-16,buy,7.63,6553,0.0,weekly_mf.py
2012-07-20,sell,7.61,6553,0.0,weekly_mf.py
2012-07-23,buy,7.45,6694,0.0,weekly_mf.py
2012-07-27,sell,7.49,6694,0.0,weekly_mf.py
2012-07-30,buy,7.56,6632,0.0,weekly_mf.py
2012-08-03,sell,7.74,6632,0.0,weekly_mf.py
2012-08-06,buy,7.72,6649,0.0,weekly_mf.py
2012-08-10,sell,7.8,6649,0.0,weekly_mf.py
2012-08-13,buy,7.75,6692,0.0,weekly_mf.py
2012-08-17,sell,7.55,6692,0.0,weekly_mf.py
2012-08-20,buy,7.52,6719,0.0,weekly_mf.py
2012-08-24,sell,7.49,6719,0.0,weekly_mf.py
2012-08-27,buy,7.4,6800,0.0,weekly_mf.py
2012-08-31,sell,7.61,6800,0.0,weekly_mf.py
2012-09-03,buy,7.58,6827,0.0,weekly_mf.py
2012-09-07,sell,7.6,6827,0.0,weekly_mf.py
2012-09-10,buy,7.56,6863,0.0,weekly_mf.py
2012-09-14,sell,7.52,6863,0.0,weekly_mf.py
2012-09-17,buy,7.41,6965,0.0,weekly_mf.py
2012-09-21,sell,7.21,6965,0.0,weekly_mf.py
2012-09-24,buy,7.17,7004,0.0,weekly_mf.py
2012-09-28,sell,7.38,7004,0.0,weekly_mf.py
2012-10-08,buy,7.32,7062,0.0,weekly_mf.py
2012-10-12,sell,7.45,7062,0.0,weekly_mf.py
2012-10-15,buy,7.41,7100,0.0,weekly_mf.py
2012-10-19,sell,7.58,7100,0.0,weekly_mf.py
2012-10-22,buy,7.65,7035,0.0,weekly_mf.py
2012-10-26,sell,7.46,7035,0.0,weekly_mf.py
2012-10-29,buy,7.47,7025,0.0,weekly_mf.py
2012-11-02,sell,7.68,7025,0.0,weekly_mf.py
2012-11-05,buy,7.73,6980,0.0,weekly_mf.py
2012-11-09,sell,7.53,6980,0.0,weekly_mf.py
2012-11-12,buy,7.63,6888,0.0,weekly_mf.py
2012-11-16,sell,7.36,6888,0.0,weekly_mf.py
2012-11-19,buy,7.37,6879,0.0,weekly_mf.py
2012-11-23,sell,7.51,6879,0.0,weekly_mf.py
2012-11-26,buy,7.47,6916,0.0,weekly_mf.py
2012-11-30,sell,7.46,6916,0.0,weekly_mf.py
2012-12-03,buy,7.35,7019,0.0,weekly_mf.py
2012-12-07,sell,8.26,7019,0.0,weekly_mf.py
2012-12-10,buy,8.33,6960,0.0,weekly_mf.py
2012-12-14,sell,8.9,6960,0.0,weekly_mf.py
2012-12-17,buy,9.07,6830,0.0,weekly_mf.py
2012-12-21,sell,8.97,6830,0.0,weekly_mf.py
2012-12-24,buy,9.09,6740,0.0,weekly_mf.py
2012-12-28,sell,9.59,6740,0.0,weekly_mf.py
2012-12-31,buy,9.92,6515,0.0,weekly_mf.py
2013-01-04,sell,10.02,6515,0.0,weekly_mf.py
2013-01-07,buy,10.32,6326,0.0,weekly_mf.py
2013-01-11,sell,9.82,6326,0.0,weekly_mf.py
2013-01-14,buy,10.35,6002,0.0,weekly_mf.py
2013-01-18,sell,10.16,6002,0.0,weekly_mf.py
2013-01-21,buy,10.4,5864,0.0,weekly_mf.py
2013-01-25,sell,10.66,5864,0.0,weekly_mf.py
2013-01-28,buy,11.18,5591,0.0,weekly_mf.py
2013-02-01,sell,11.95,5591,0.0,weekly_mf.py
2013-02-04,buy,12.07,5535,0.0,weekly_mf.py
2013-02-08,sell,11.34,5535,0.0,weekly_mf.py
2013-02-18,buy,11.26,5575,0.0,weekly_mf.py
2013-02-22,sell,10.14,5575,0.0,weekly_mf.py
2013-02-25,buy,10.32,5477,0.0,weekly_mf.py
2013-03-01,sell,11.17,5477,0.0,weekly_mf.py
2013-03-04,buy,10.39,5889,0.0,weekly_mf.py
2013-03-08,sell,10.71,5889,0.0,weekly_mf.py
2013-03-11,buy,10.47,6024,0.0,weekly_mf.py
2013-03-15,sell,10.51,6024,0.0,weekly_mf.py
2013-03-18,buy,10.48,6041,0.0,weekly_mf.py
2013-03-22,sell,11.06,6041,0.0,weekly_mf.py
2013-03-25,buy,11.04,6052,0.0,weekly_mf.py
2013-03-29,sell,10.13,6052,0.0,weekly_mf.py
2013-04-01,buy,10.05,6100,0.0,weekly_mf.py
2013-04-12,sell,9.94,6100,0.0,weekly_mf.py
2013-04-15,buy,9.83,6168,0.0,weekly_mf.py
2013-04-19,sell,10.14,6168,0.0,weekly_mf.py
2013-04-22,buy,10.22,6120,0.0,weekly_mf.py
2013-04-26,sell,9.88,6120,0.0,weekly_mf.py
2013-05-06,buy,10.13,5969,0.0,weekly_mf.py
2013-05-10,sell,10.03,5969,0.0,weekly_mf.py
2013-05-13,buy,10.02,5975,0.0,weekly_mf.py
2013-05-17,sell,10.24,5975,0.0,weekly_mf.py
2013-05-20,buy,10.41,5877,0.0,weekly_mf.py
2013-05-24,sell,10.2,5877,0.0,weekly_mf.py
2013-05-27,buy,10.29,5826,0.0,weekly_mf.py
2013-05-31,sell,10.47,5826,0.0,weekly_mf.py
2013-06-03,buy,9.84,6199,0.0,weekly_mf.py
2013-06-07,sell,9.35,6199,0.0,weekly_mf.py
2013-06-17,buy,9.01,6433,0.0,weekly_mf.py
2013-06-21,sell,8.28,6433,0.0,weekly_mf.py
2013-06-24,buy,7.52,7083,0.0,weekly_mf.py
2013-06-28,sell,8.28,7083,0.0,weekly_mf.py
2013-07-01,buy,8.17,7178,0.0,weekly_mf.py
2013-07-05,sell,8.11,7178,0.0,weekly_mf.py
2013-07-08,buy,7.91,7360,0.0,weekly_mf.py
2013-07-12,sell,8.49,7360,0.0,weekly_mf.py
2013-07-15,buy,8.56,7300,0.0,weekly_mf.py
2013-07-19,sell,8.03,7300,0.0,weekly_mf.py
2013-07-22,buy,7.95,7373,0.0,weekly_mf.py
2013-07-26,sell,7.97,7373,0.0,weekly_mf.py
2013-07-29,buy,7.74,7592,0.0,weekly_mf.py
2013-08-02,sell,7.98,7592,0.0,weekly_mf.py
2013-08-05,buy,8.06,7517,0.0,weekly_mf.py
2013-08-09,sell,8.01,7517,0.0,weekly_mf.py
2013-08-12,buy,8.31,7245,0.0,weekly_mf.py
2013-08-16,sell,8.31,7245,0.0,weekly_mf.py
2013-08-19,buy,8.45,7125,0.0,weekly_mf.py
2013-08-23,sell,8.42,7125,0.0,weekly_mf.py
2013-08-26,buy,8.74,6864,0.0,weekly_mf.py
2013-08-30,sell,8.99,6864,0.0,weekly_mf.py
2013-09-02,buy,8.97,6880,0.0,weekly_mf.py
2013-09-06,sell,9.57,6880,0.0,weekly_mf.py
2013-09-09,buy,10.53,6252,0.0,weekly_mf.py
2013-09-13,sell,11.91,6252,0.0,weekly_mf.py
2013-09-16,buy,11.49,6481,0.0,weekly_mf.py
2013-09-27,sell,10.24,6481,0.0,weekly_mf.py
2013-09-30,buy,10.09,6577,0.0,weekly_mf.py
2013-10-11,sell,10.55,6577,0.0,weekly_mf.py
2013-10-14,buy,10.29,6743,0.0,weekly_mf.py
2013-10-18,sell,9.88,6743,0.0,weekly_mf.py
2013-10-21,buy,10.12,6584,0.0,weekly_mf.py
2013-10-25,sell,10.07,6584,0.0,weekly_mf.py
2013-10-28,buy,10.15,6532,0.0,weekly_mf.py
2013-11-01,sell,10.42,6532,0.0,weekly_mf.py
2013-11-04,buy,10.3,6608,0.0,weekly_mf.py
2013-11-08,sell,9.98,6608,0.0,weekly_mf.py
2013-11-11,buy,9.97,6614,0.0,weekly_mf.py
2013-11-15,sell,9.68,6614,0.0,weekly_mf.py
2013-11-18,buy,10.1,6339,0.0,weekly_mf.py
2013-11-22,sell,10.06,6339,0.0,weekly_mf.py
2013-11-25,buy,9.93,6422,0.0,weekly_mf.py
2013-11-29,sell,9.99,6422,0.0,weekly_mf.py
2013-12-02,buy,10.32,6217,0.0,weekly_mf.py
2013-12-06,sell,10.22,6217,0.0,weekly_mf.py
2013-12-09,buy,10.11,6285,0.0,weekly_mf.py
2013-12-13,sell,9.83,6285,0.0,weekly_mf.py
2013-12-16,buy,9.74,6343,0.0,weekly_mf.py
2013-12-20,sell,9.36,6343,0.0,weekly_mf.py
2013-12-23,buy,9.34,6356,0.0,weekly_mf.py
2013-12-27,sell,9.24,6356,0.0,weekly_mf.py
2013-12-30,buy,9.2,6384,0.0,weekly_mf.py
2014-01-03,sell,9.14,6384,0.0,weekly_mf.py
2014-01-06,buy,9.19,6349,0.0,weekly_mf.py
2014-01-10,sell,9.41,6349,0.0,weekly_mf.py
2014-01-13,buy,9.39,6363,0.0,weekly_mf.py
2014-01-17,sell,9.12,6363,0.0,weekly_mf.py
2014-01-20,buy,9.07,6398,0.0,weekly_mf.py
2014-01-24,sell,9.23,6398,0.0,weekly_mf.py
2014-01-27,buy,9.12,6475,0.0,weekly_mf.py
2014-02-07,sell,9.18,6475,0.0,weekly_mf.py
2014-02-10,buy,9.29,6398,0.0,weekly_mf.py
2014-02-14,sell,9.59,6398,0.0,weekly_mf.py
2014-02-17,buy,9.52,6445,0.0,weekly_mf.py
2014-02-21,sell,9.29,6445,0.0,weekly_mf.py
2014-02-24,buy,9.01,6646,0.0,weekly_mf.py
2014-02-28,sell,8.91,6646,0.0,weekly_mf.py
2014-03-03,buy,8.85,6691,0.0,weekly_mf.py
2014-03-07,sell,8.73,6691,0.0,weekly_mf.py
2014-03-10,buy,8.44,6921,0.0,weekly_mf.py
2014-03-14,sell,8.99,6921,0.0,weekly_mf.py
2014-03-17,buy,8.99,6921,0.0,weekly_mf.py
2014-03-21,sell,9.89,6921,0.0,weekly_mf.py
2014-03-24,buy,9.8,6984,0.0,weekly_mf.py
2014-03-28,sell,9.67,6984,0.0,weekly_mf.py
2014-03-31,buy,9.72,6948,0.0,weekly_mf.py
2014-04-04,sell,9.73,6948,0.0,weekly_mf.py
2014-04-14,buy,10.12,6680,0.0,weekly_mf.py
2014-04-18,sell,9.78,6680,0.0,weekly_mf.py
2014-04-21,buy,9.71,6729,0.0,weekly_mf.py
2014-04-25,sell,9.84,6729,0.0,weekly_mf.py
2014-04-28,buy,9.67,6847,0.0,weekly_mf.py
2014-05-09,sell,9.76,6847,0.0,weekly_mf.py
2014-05-12,buy,9.93,6730,0.0,weekly_mf.py
2014-05-16,sell,9.75,6730,0.0,weekly_mf.py
2014-05-19,buy,9.52,6892,0.0,weekly_mf.py
2014-05-23,sell,9.7,6892,0.0,weekly_mf.py
2014-05-26,buy,9.74,6864,0.0,weekly_mf.py
2014-05-30,sell,9.57,6864,0.0,weekly_mf.py
2014-06-09,buy,9.54,6886,0.0,weekly_mf.py
2014-06-13,sell,9.73,6886,0.0,weekly_mf.py
2014-06-16,buy,9.81,6829,0.0,weekly_mf.py
2014-06-20,sell,9.7,6829,0.0,weekly_mf.py
2014-06-23,buy,9.66,6858,0.0,weekly_mf.py
2014-06-27,sell,8.97,6858,0.0,weekly_mf.py
2014-06-30,buy,9.05,6797,0.0,weekly_mf.py
2014-07-04,sell,9.07,6797,0.0,weekly_mf.py
2014-07-07,buy,9.05,6812,0.0,weekly_mf.py
2014-07-11,sell,8.94,6812,0.0,weekly_mf.py
2014-07-14,buy,9.0,6767,0.0,weekly_mf.py
2014-07-18,sell,9.02,6767,0.0,weekly_mf.py
2014-07-21,buy,8.98,6797,0.0,weekly_mf.py
2014-07-25,sell,9.39,6797,0.0,weekly_mf.py
2014-07-28,buy,9.76,6539,0.0,weekly_mf.py
2014-08-01,sell,9.76,6539,0.0,weekly_mf.py
2014-08-04,buy,9.92,6434,0.0,weekly_mf.py
2014-08-08,sell,9.54,6434,0.0,weekly_mf.py
2014-08-11,buy,9.7,6328,0.0,weekly_mf.py
2014-08-15,sell,9.68,6328,0.0,weekly_mf.py
2014-08-18,buy,9.72,6302,0.0,weekly_mf.py
2014-08-22,sell,9.54,6302,0.0,weekly_mf.py
2014-08-25,buy,9.44,6368,0.0,weekly_mf.py
2014-08-29,sell,9.47,6368,0.0,weekly_mf.py
2014-09-01,buy,9.49,6355,0.0,weekly_mf.py
2014-09-05,sell,9.74,6355,0.0,weekly_mf.py
2014-09-15,buy,9.6,6448,0.0,weekly_mf.py
2014-09-19,sell,9.85,6448,0.0,weekly_mf.py
2014-09-22,buy,9.61,6609,0.0,weekly_mf.py
2014-09-26,sell,9.72,6609,0.0,weekly_mf.py
2014-09-29,buy,9.76,6582,0.0,weekly_mf.py
2014-10-10,sell,9.83,6582,0.0,weekly_mf.py
2014-10-13,buy,9.73,6649,0.0,weekly_mf.py
2014-10-17,sell,9.85,6649,0.0,weekly_mf.py
2014-10-20,buy,9.9,6616,0.0,weekly_mf.py
2014-10-24,sell,9.68,6616,0.0,weekly_mf.py
2014-10-27,buy,9.47,6762,0.0,weekly_mf.py
2014-10-31,sell,10.2,6762,0.0,weekly_mf.py
2014-11-03,buy,10.16,6789,0.0,weekly_mf.py
2014-11-07,sell,10.18,6789,0.0,weekly_mf.py
2014-11-10,buy,10.55,6551,0.0,weekly_mf.py
2014-11-14,sell,10.9,6551,0.0,weekly_mf.py
2014-11-17,buy,10.75,6642,0.0,weekly_mf.py
2014-11-21,sell,10.79,6642,0.0,weekly_mf.py
2014-11-24,buy,10.86,6599,0.0,weekly_mf.py
2014-11-28,sell,12.4,6599,0.0,weekly_mf.py
2014-12-01,buy,12.16,6729,0.0,weekly_mf.py
2014-12-05,sell,13.53,6729,0.0,weekly_mf.py
2014-12-08,buy,13.81,6593,0.0,weekly_mf.py
2014-12-12,sell,12.98,6593,0.0,weekly_mf.py
2014-12-15,buy,12.76,6707,0.0,weekly_mf.py
2014-12-19,sell,14.09,6707,0.0,weekly_mf.py
2014-12-22,buy,14.68,6437,0.0,weekly_mf.py
2014-12-26,sell,14.77,6437,0.0,weekly_mf.py
2014-12-29,buy,14.95,6360,0.0,weekly_mf.py
2015-01-09,sell,15.43,6360,0.0,weekly_mf.py
2015-01-12,buy,15.22,6447,0.0,weekly_mf.py
2015-01-16,sell,16.47,6447,0.0,weekly_mf.py
2015-01-19,buy,14.82,7165,0.0,weekly_mf.py
2015-01-23,sell,15.63,7165,0.0,weekly_mf.py
2015-01-26,buy,15.43,7258,0.0,weekly_mf.py
2015-01-30,sell,14.47,7258,0.0,weekly_mf.py
2015-02-02,buy,14.04,7480,0.0,weekly_mf.py
2015-02-06,sell,14.09,7480,0.0,weekly_mf.py
2015-02-09,buy,14.16,7443,0.0,weekly_mf.py
2015-02-13,sell,14.43,7443,0.0,weekly_mf.py
2015-02-16,buy,14.4,7459,0.0,weekly_mf.py
2015-02-27,sell,14.53,7459,0.0,weekly_mf.py
2015-03-02,buy,14.48,7485,0.0,weekly_mf.py
2015-03-06,sell,13.63,7485,0.0,weekly_mf.py
2015-03-09,buy,14.51,7031,0.0,weekly_mf.py
2015-03-13,sell,15.29,7031,0.0,weekly_mf.py
2015-03-16,buy,15.47,6949,0.0,weekly_mf.py
2015-03-20,sell,15.75,6949,0.0,weekly_mf.py
2015-03-23,buy,15.91,6879,0.0,weekly_mf.py
2015-03-27,sell,15.36,6879,0.0,weekly_mf.py
2015-03-30,buy,16.02,6595,0.0,weekly_mf.py
2015-04-03,sell,16.2,6595,0.0,weekly_mf.py
2015-04-13,buy,18.03,5926,0.0,weekly_mf.py
2015-04-17,sell,18.6,5926,0.0,weekly_mf.py
2015-04-20,buy,17.9,6158,0.0,weekly_mf.py
2015-04-24,sell,17.68,6158,0.0,weekly_mf.py
2015-04-27,buy,18.17,5992,0.0,weekly_mf.py
2015-05-08,sell,17.11,5992,0.0,weekly_mf.py
2015-05-11,buy,17.27,5936,0.0,weekly_mf.py
2015-05-15,sell,16.78,5936,0.0,weekly_mf.py
2015-05-18,buy,16.38,6081,0.0,weekly_mf.py
2015-05-22,sell,17.76,6081,0.0,weekly_mf.py
2015-05-25,buy,18.14,5954,0.0,weekly_mf.py
2015-05-29,sell,17.04,5954,0.0,weekly_mf.py
2015-06-01,buy,17.93,5658,0.0,weekly_mf.py
2015-06-05,sell,18.43,5658,0.0,weekly_mf.py
2015-06-08,buy,18.43,5658,0.0,weekly_mf.py
2015-06-12,sell,18.43,5658,0.0,weekly_mf.py
2015-06-15,buy,18.43,5658,0.0,weekly_mf.py
2015-06-19,sell,17.07,5658,0.0,weekly_mf.py
2015-06-29,buy,15.91,6071,0.0,weekly_mf.py
2015-07-03,sell,15.87,6071,0.0,weekly_mf.py
2015-07-06,buy,17.22,5595,0.0,weekly_mf.py
2015-07-10,sell,17.28,5595,0.0,weekly_mf.py
2015-07-13,buy,17.04,5674,0.0,weekly_mf.py
2015-07-17,sell,17.02,5674,0.0,weekly_mf.py
2015-07-20,buy,16.68,5789,0.0,weekly_mf.py
2015-07-24,sell,16.14,5789,0.0,weekly_mf.py
2015-07-27,buy,14.91,6267,0.0,weekly_mf.py
2015-07-31,sell,15.07,6267,0.0,weekly_mf.py
2015-08-03,buy,15.55,6073,0.0,weekly_mf.py
2015-08-07,sell,15.47,6073,0.0,weekly_mf.py
2015-08-10,buy,15.78,5954,0.0,weekly_mf.py
2015-08-14,sell,15.49,5954,0.0,weekly_mf.py
2015-08-17,buy,15.32,6020,0.0,weekly_mf.py
2015-08-21,sell,14.22,6020,0.0,weekly_mf.py
2015-08-24,buy,12.87,6652,0.0,weekly_mf.py
2015-08-28,sell,14.24,6652,0.0,weekly_mf.py
2015-08-31,buy,14.96,6332,0.0,weekly_mf.py
2015-09-11,sell,15.56,6332,0.0,weekly_mf.py
2015-09-14,buy,15.93,6185,0.0,weekly_mf.py
2015-09-18,sell,15.03,6185,0.0,weekly_mf.py
2015-09-21,buy,14.97,6209,0.0,weekly_mf.py
2015-09-25,sell,15.59,6209,0.0,weekly_mf.py
2015-09-28,buy,15.92,6081,0.0,weekly_mf.py
2015-10-09,sell,15.9,6081,0.0,weekly_mf.py
2015-10-12,buy,16.06,6020,0.0,weekly_mf.py
2015-10-16,sell,15.9,6020,0.0,weekly_mf.py
2015-10-19,buy,15.9,6020,0.0,weekly_mf.py
2015-10-23,sell,15.9,6020,0.0,weekly_mf.py
2015-10-26,buy,16.28,5880,0.0,weekly_mf.py
2015-10-30,sell,16.39,5880,0.0,weekly_mf.py
2015-11-02,buy,16.41,5872,0.0,weekly_mf.py
2015-11-06,sell,17.88,5872,0.0,weekly_mf.py
2015-11-09,buy,18.15,5785,0.0,weekly_mf.py
2015-11-13,sell,17.58,5785,0.0,weekly_mf.py
2015-11-16,buy,17.42,5838,0.0,weekly_mf.py
2015-11-20,sell,18.47,5838,0.0,weekly_mf.py
2015-11-23,buy,19.06,5657,0.0,weekly_mf.py
2015-11-27,sell,18.53,5657,0.0,weekly_mf.py
2015-11-30,buy,18.65,5621,0.0,weekly_mf.py
2015-12-04,sell,18.71,5621,0.0,weekly_mf.py
2015-12-07,buy,19.45,5407,0.0,weekly_mf.py
2015-12-11,sell,18.6,5407,0.0,weekly_mf.py
2015-12-14,buy,18.45,5451,0.0,weekly_mf.py
2015-12-18,sell,18.81,5451,0.0,weekly_mf.py
2015-12-21,buy,19.14,5357,0.0,weekly_mf.py
2015-12-25,sell,19.32,5357,0.0,weekly_mf.py
2015-12-28,buy,18.7,5535,0.0,weekly_mf.py
2016-01-08,sell,17.49,5535,0.0,weekly_mf.py
2016-01-11,buy,17.05,5678,0.0,weekly_mf.py
2016-01-15,sell,17.58,5678,0.0,weekly_mf.py
2016-01-18,buy,17.68,5645,0.0,weekly_mf.py
2016-01-22,sell,17.02,5645,0.0,weekly_mf.py
2016-01-25,buy,17.03,5642,0.0,weekly_mf.py
2016-01-29,sell,16.9,5642,0.0,weekly_mf.py
2016-02-01,buy,16.5,5779,0.0,weekly_mf.py
2016-02-05,sell,18.38,5779,0.0,weekly_mf.py
2016-02-15,buy,18.45,5757,0.0,weekly_mf.py
2016-02-19,sell,18.45,5757,0.0,weekly_mf.py
2016-02-22,buy,18.45,5757,0.0,weekly_mf.py
2016-02-26,sell,18.45,5757,0.0,weekly_mf.py
2016-02-29,buy,18.45,5757,0.0,weekly_mf.py
2016-03-04,sell,18.45,5757,0.0,weekly_mf.py
2016-03-07,buy,18.45,5757,0.0,weekly_mf.py
2016-03-11,sell,16.97,5757,0.0,weekly_mf.py
2016-03-14,buy,16.86,5795,0.0,weekly_mf.py
2016-03-18,sell,17.84,5795,0.0,weekly_mf.py
2016-03-21,buy,18.06,5724,0.0,weekly_mf.py
2016-03-25,sell,17.74,5724,0.0,weekly_mf.py
2016-03-28,buy,17.45,5819,0.0,weekly_mf.py
2016-04-01,sell,18.18,5819,0.0,weekly_mf.py
2016-04-11,buy,17.67,5987,0.0,weekly_mf.py
2016-04-15,sell,17.89,5987,0.0,weekly_mf.py
2016-04-18,buy,17.81,6014,0.0,weekly_mf.py
2016-04-22,sell,18.24,6014,0.0,weekly_mf.py
2016-04-25,buy,17.88,6135,0.0,weekly_mf.py
2016-04-29,sell,17.83,6135,0.0,weekly_mf.py
2016-05-09,buy,17.51,6247,0.0,weekly_mf.py
2016-05-13,sell,17.24,6247,0.0,weekly_mf.py
2016-05-16,buy,17.29,6229,0.0,weekly_mf.py
2016-05-20,sell,17.45,6229,0.0,weekly_mf.py
2016-05-23,buy,17.55,6194,0.0,weekly_mf.py
2016-05-27,sell,17.74,6194,0.0,weekly_mf.py
2016-05-30,buy,17.95,6121,0.0,weekly_mf.py
2016-06-03,sell,18.01,6121,0.0,weekly_mf.py
2016-06-06,buy,18.02,6118,0.0,weekly_mf.py
2016-06-17,sell,17.77,6118,0.0,weekly_mf.py
2016-06-20,buy,17.85,6090,0.0,weekly_mf.py
2016-06-24,sell,15.28,6090,0.0,weekly_mf.py
2016-06-27,buy,15.31,6078,0.0,weekly_mf.py
2016-07-01,sell,15.92,6078,0.0,weekly_mf.py
2016-07-04,buy,15.93,6075,0.0,weekly_mf.py
2016-07-08,sell,15.45,6075,0.0,weekly_mf.py
2016-07-11,buy,15.43,6083,0.0,weekly_mf.py
2016-07-15,sell,15.71,6083,0.0,weekly_mf.py
2016-07-18,buy,15.77,6059,0.0,weekly_mf.py
2016-07-22,sell,15.63,6059,0.0,weekly_mf.py
2016-07-25,buy,15.69,6036,0.0,weekly_mf.py
2016-07-29,sell,15.7,6036,0.0,weekly_mf.py
2016-08-01,buy,15.8,5998,0.0,weekly_mf.py
2016-08-05,sell,15.73,5998,0.0,weekly_mf.py
2016-08-08,buy,15.74,5994,0.0,weekly_mf.py
2016-08-12,sell,16.36,5994,0.0,weekly_mf.py
2016-08-15,buy,16.94,5789,0.0,weekly_mf.py
2016-08-19,sell,16.42,5789,0.0,weekly_mf.py
2016-08-22,buy,16.41,5792,0.0,weekly_mf.py
2016-08-26,sell,16.34,5792,0.0,weekly_mf.py
2016-08-29,buy,16.23,5832,0.0,weekly_mf.py
2016-09-02,sell,16.48,5832,0.0,weekly_mf.py
2016-09-05,buy,16.49,5828,0.0,weekly_mf.py
2016-09-09,sell,16.56,5828,0.0,weekly_mf.py
2016-09-12,buy,16.4,5885,0.0,weekly_mf.py
2016-09-23,sell,16.48,5885,0.0,weekly_mf.py
2016-09-26,buy,16.48,5885,0.0,weekly_mf.py
2016-09-30,sell,16.49,5885,0.0,weekly_mf.py
2016-10-10,buy,16.55,5864,0.0,weekly_mf.py
2016-10-14,sell,16.46,5864,0.0,weekly_mf.py
2016-10-17,buy,16.27,5932,0.0,weekly_mf.py
2016-10-21,sell,16.3,5932,0.0,weekly_mf.py
2016-10-24,buy,16.47,5871,0.0,weekly_mf.py
2016-10-28,sell,16.29,5871,0.0,weekly_mf.py
2016-10-31,buy,16.27,5878,0.0,weekly_mf.py
2016-11-04,sell,16.4,5878,0.0,weekly_mf.py
2016-11-07,buy,16.42,5871,0.0,weekly_mf.py
2016-11-11,sell,16.59,5871,0.0,weekly_mf.py
2016-11-14,buy,16.6,5867,0.0,weekly_mf.py
2016-11-18,sell,16.6,5867,0.0,weekly_mf.py
2016-11-21,buy,16.64,5853,0.0,weekly_mf.py
2016-11-25,sell,17.09,5853,0.0,weekly_mf.py
2016-11-28,buy,17.21,5813,0.0,weekly_mf.py
2016-12-02,sell,17.1,5813,0.0,weekly_mf.py
2016-12-05,buy,17.3,5745,0.0,weekly_mf.py
2016-12-09,sell,17.34,5745,0.0,weekly_mf.py
2016-12-12,buy,17.49,5696,0.0,weekly_mf.py
2016-12-16,sell,16.66,5696,0.0,weekly_mf.py
2016-12-19,buy,16.52,5744,0.0,weekly_mf.py
2016-12-23,sell,16.19,5744,0.0,weekly_mf.py
2016-12-26,buy,16.25,5723,0.0,weekly_mf.py
2016-12-30,sell,16.21,5723,0.0,weekly_mf.py
2017-01-09,buy,16.2,5727,0.0,weekly_mf.py
2017-01-13,sell,16.27,5727,0.0,weekly_mf.py
2017-01-16,buy,16.56,5626,0.0,weekly_mf.py
2017-01-20,sell,16.6,5626,0.0,weekly_mf.py
2017-01-23,buy,16.57,5637,0.0,weekly_mf.py
2017-02-03,sell,16.63,5637,0.0,weekly_mf.py
2017-02-06,buy,16.66,5626,0.0,weekly_mf.py
2017-02-10,sell,16.78,5626,0.0,weekly_mf.py
2017-02-13,buy,16.85,5603,0.0,weekly_mf.py
2017-02-17,sell,16.64,5603,0.0,weekly_mf.py
2017-02-20,buy,16.91,5514,0.0,weekly_mf.py
2017-02-24,sell,16.71,5514,0.0,weekly_mf.py
2017-02-27,buy,16.59,5553,0.0,weekly_mf.py
2017-03-03,sell,16.35,5553,0.0,weekly_mf.py
2017-03-06,buy,16.41,5533,0.0,weekly_mf.py
2017-03-10,sell,16.23,5533,0.0,weekly_mf.py
2017-03-13,buy,16.34,5496,0.0,weekly_mf.py
2017-03-17,sell,16.2,5496,0.0,weekly_mf.py
2017-03-20,buy,16.14,5516,0.0,weekly_mf.py
2017-03-24,sell,15.96,5516,0.0,weekly_mf.py
2017-03-27,buy,16.04,5489,0.0,weekly_mf.py
2017-03-31,sell,16.01,5489,0.0,weekly_mf.py
2017-04-10,buy,15.97,5503,0.0,weekly_mf.py
2017-04-14,sell,15.51,5503,0.0,weekly_mf.py
2017-04-17,buy,15.56,5485,0.0,weekly_mf.py
2017-04-21,sell,15.05,5485,0.0,weekly_mf.py
2017-04-24,buy,15.0,5503,0.0,weekly_mf.py
2017-04-28,sell,15.21,5503,0.0,weekly_mf.py
2017-05-08,buy,14.86,5633,0.0,weekly_mf.py
2017-05-12,sell,15.21,5633,0.0,weekly_mf.py
2017-05-15,buy,15.27,5611,0.0,weekly_mf.py
2017-05-19,sell,15.02,5611,0.0,weekly_mf.py
2017-05-22,buy,15.04,5603,0.0,weekly_mf.py
2017-05-26,sell,12.84,5603,0.0,weekly_mf.py
2017-06-05,buy,12.85,5599,0.0,weekly_mf.py
2017-06-09,sell,12.93,5599,0.0,weekly_mf.py
2017-06-12,buy,12.78,5665,0.0,weekly_mf.py
2017-06-16,sell,12.35,5665,0.0,weekly_mf.py
2017-06-19,buy,12.4,5642,0.0,weekly_mf.py
2017-06-23,sell,12.64,5642,0.0,weekly_mf.py
2017-06-26,buy,12.64,5642,0.0,weekly_mf.py
2017-06-30,sell,12.65,5642,0.0,weekly_mf.py
2017-07-03,buy,12.56,5682,0.0,weekly_mf.py
2017-07-07,sell,12.6,5682,0.0,weekly_mf.py
2017-07-10,buy,12.53,5714,0.0,weekly_mf.py
2017-07-14,sell,13.59,5714,0.0,weekly_mf.py
2017-07-17,buy,13.76,5643,0.0,weekly_mf.py
2017-07-21,sell,13.45,5643,0.0,weekly_mf.py
2017-07-24,buy,13.67,5553,0.0,weekly_mf.py
2017-07-28,sell,13.47,5553,0.0,weekly_mf.py
2017-07-31,buy,13.36,5598,0.0,weekly_mf.py
2017-08-04,sell,12.87,5598,0.0,weekly_mf.py
2017-08-07,buy,12.93,5572,0.0,weekly_mf.py
2017-08-11,sell,12.68,5572,0.0,weekly_mf.py
2017-08-14,buy,12.56,5626,0.0,weekly_mf.py
2017-08-18,sell,12.51,5626,0.0,weekly_mf.py
2017-08-21,buy,12.51,5626,0.0,weekly_mf.py
2017-08-25,sell,12.78,5626,0.0,weekly_mf.py
2017-08-28,buy,12.89,5578,0.0,weekly_mf.py
2017-09-01,sell,12.77,5578,0.0,weekly_mf.py
2017-09-04,buy,12.78,5573,0.0,weekly_mf.py
2017-09-08,sell,13.03,5573,0.0,weekly_mf.py
2017-09-11,buy,12.99,5590,0.0,weekly_mf.py
2017-09-15,sell,12.83,5590,0.0,weekly_mf.py
2017-09-18,buy,12.91,5556,0.0,weekly_mf.py
2017-09-22,sell,12.89,5556,0.0,weekly_mf.py
2017-09-25,buy,12.94,5534,0.0,weekly_mf.py
2017-09-29,sell,12.87,5534,0.0,weekly_mf.py
2017-10-09,buy,13.04,5462,0.0,weekly_mf.py
2017-10-13,sell,12.94,5462,0.0,weekly_mf.py
2017-10-16,buy,13.04,5420,0.0,weekly_mf.py
2017-10-20,sell,13.01,5420,0.0,weekly_mf.py
2017-10-23,buy,12.84,5492,0.0,weekly_mf.py
2017-10-27,sell,12.85,5492,0.0,weekly_mf.py
2017-10-30,buy,12.7,5557,0.0,weekly_mf.py
2017-11-03,sell,12.58,5557,0.0,weekly_mf.py
2017-11-06,buy,12.47,5606,0.0,weekly_mf.py
2017-11-10,sell,12.63,5606,0.0,weekly_mf.py
2017-11-13,buy,12.8,5531,0.0,weekly_mf.py
2017-11-17,sell,12.78,5531,0.0,weekly_mf.py
2017-11-20,buy,12.85,5501,0.0,weekly_mf.py
2017-11-24,sell,13.09,5501,0.0,weekly_mf.py
2017-11-27,buy,13.1,5497,0.0,weekly_mf.py
2017-12-01,sell,12.91,5497,0.0,weekly_mf.py
2017-12-04,buy,12.92,5493,0.0,weekly_mf.py
2017-12-08,sell,12.93,5493,0.0,weekly_mf.py
2017-12-11,buy,12.97,5476,0.0,weekly_mf.py
2017-12-15,sell,12.62,5476,0.0,weekly_mf.py
2017-12-18,buy,12.65,5463,0.0,weekly_mf.py
2017-12-22,sell,12.62,5463,0.0,weekly_mf.py
2017-12-25,buy,12.59,5476,0.0,weekly_mf.py
2017-12-29,sell,12.59,5476,0.0,weekly_mf.py
2018-01-08,buy,12.68,5437,0.0,weekly_mf.py
2018-01-12,sell,12.91,5437,0.0,weekly_mf.py
2018-01-15,buy,13.02,5391,0.0,weekly_mf.py
2018-01-19,sell,13.24,5391,0.0,weekly_mf.py
2018-01-22,buy,12.77,5590,0.0,weekly_mf.py
2018-01-26,sell,13.41,5590,0.0,weekly_mf.py
2018-01-29,buy,13.46,5569,0.0,weekly_mf.py
2018-02-02,sell,13.14,5569,0.0,weekly_mf.py
2018-02-05,buy,13.49,5424,0.0,weekly_mf.py
2018-02-09,sell,12.78,5424,0.0,weekly_mf.py
2018-02-12,buy,12.49,5550,0.0,weekly_mf.py
2018-02-23,sell,12.72,5550,0.0,weekly_mf.py
2018-02-26,buy,12.73,5546,0.0,weekly_mf.py
2018-03-02,sell,12.41,5546,0.0,weekly_mf.py
2018-03-05,buy,12.42,5541,0.0,weekly_mf.py
2018-03-09,sell,12.48,5541,0.0,weekly_mf.py
2018-03-12,buy,12.5,5533,0.0,weekly_mf.py
2018-03-16,sell,12.3,5533,0.0,weekly_mf.py
2018-03-19,buy,12.31,5528,0.0,weekly_mf.py
2018-03-23,sell,11.71,5528,0.0,weekly_mf.py
2018-03-26,buy,11.61,5576,0.0,weekly_mf.py
2018-03-30,sell,11.65,5576,0.0,weekly_mf.py
2018-04-02,buy,11.71,5547,0.0,weekly_mf.py
2018-04-13,sell,11.69,5547,0.0,weekly_mf.py
2018-04-16,buy,11.55,5614,0.0,weekly_mf.py
2018-04-20,sell,11.61,5614,0.0,weekly_mf.py
2018-04-23,buy,11.6,5619,0.0,weekly_mf.py
2018-04-27,sell,11.61,5619,0.0,weekly_mf.py
2018-05-07,buy,10.84,6018,0.0,weekly_mf.py
2018-05-11,sell,10.95,6018,0.0,weekly_mf.py
2018-05-14,buy,11.0,5991,0.0,weekly_mf.py
2018-05-18,sell,10.9,5991,0.0,weekly_mf.py
2018-05-21,buy,10.94,5969,0.0,weekly_mf.py
2018-05-25,sell,10.71,5969,0.0,weekly_mf.py
2018-05-28,buy,10.76,5941,0.0,weekly_mf.py
2018-06-01,sell,10.68,5941,0.0,weekly_mf.py
2018-06-04,buy,10.75,5903,0.0,weekly_mf.py
2018-06-08,sell,10.42,5903,0.0,weekly_mf.py
2018-06-11,buy,10.42,5903,0.0,weekly_mf.py
2018-06-15,sell,10.3,5903,0.0,weekly_mf.py
2018-06-25,buy,9.56,6360,0.0,weekly_mf.py
2018-06-29,sell,9.56,6360,0.0,weekly_mf.py
2018-07-02,buy,9.29,6545,0.0,weekly_mf.py
2018-07-06,sell,9.37,6545,0.0,weekly_mf.py
2018-07-09,buy,9.6,6388,0.0,weekly_mf.py
2018-07-13,sell,9.49,6388,0.0,weekly_mf.py
2018-07-16,buy,9.41,6442,0.0,weekly_mf.py
2018-07-20,sell,9.87,6442,0.0,weekly_mf.py
2018-07-23,buy,9.96,6384,0.0,weekly_mf.py
2018-07-27,sell,9.99,6384,0.0,weekly_mf.py
2018-07-30,buy,10.13,6296,0.0,weekly_mf.py
2018-08-03,sell,9.83,6296,0.0,weekly_mf.py
2018-08-06,buy,9.91,6245,0.0,weekly_mf.py
2018-08-10,sell,10.07,6245,0.0,weekly_mf.py
2018-08-13,buy,9.98,6301,0.0,weekly_mf.py
2018-08-17,sell,9.98,6301,0.0,weekly_mf.py
2018-08-20,buy,10.15,6196,0.0,weekly_mf.py
2018-08-24,sell,10.3,6196,0.0,weekly_mf.py
2018-08-27,buy,10.33,6178,0.0,weekly_mf.py
2018-08-31,sell,10.33,6178,0.0,weekly_mf.py
2018-09-03,buy,10.24,6232,0.0,weekly_mf.py
2018-09-07,sell,10.19,6232,0.0,weekly_mf.py
2018-09-10,buy,10.18,6238,0.0,weekly_mf.py
2018-09-14,sell,10.26,6238,0.0,weekly_mf.py
2018-09-17,buy,10.15,6306,0.0,weekly_mf.py
2018-09-21,sell,10.49,6306,0.0,weekly_mf.py
2018-10-08,buy,10.16,6510,0.0,weekly_mf.py
2018-10-12,sell,10.03,6510,0.0,weekly_mf.py
2018-10-15,buy,10.03,6510,0.0,weekly_mf.py
2018-10-19,sell,10.38,6510,0.0,weekly_mf.py
2018-10-22,buy,10.62,6363,0.0,weekly_mf.py
2018-10-26,sell,10.92,6363,0.0,weekly_mf.py
2018-10-29,buy,10.79,6440,0.0,weekly_mf.py
2018-11-02,sell,11.18,6440,0.0,weekly_mf.py
2018-11-05,buy,11.14,6463,0.0,weekly_mf.py
2018-11-09,sell,10.75,6463,0.0,weekly_mf.py
2018-11-12,buy,10.8,6433,0.0,weekly_mf.py
2018-11-16,sell,10.76,6433,0.0,weekly_mf.py
2018-11-19,buy,10.88,6362,0.0,weekly_mf.py
2018-11-23,sell,10.5,6362,0.0,weekly_mf.py
2018-11-26,buy,10.5,6362,0.0,weekly_mf.py
2018-11-30,sell,10.71,6362,0.0,weekly_mf.py
2018-12-03,buy,11.02,6183,0.0,weekly_mf.py
2018-12-07,sell,10.89,6183,0.0,weekly_mf.py
2018-12-10,buy,10.83,6217,0.0,weekly_mf.py
2018-12-14,sell,10.62,6217,0.0,weekly_mf.py
2018-12-17,buy,10.78,6125,0.0,weekly_mf.py
2018-12-21,sell,10.07,6125,0.0,weekly_mf.py
2018-12-24,buy,9.91,6224,0.0,weekly_mf.py
2018-12-28,sell,9.8,6224,0.0,weekly_mf.py
2019-01-07,buy,9.98,6112,0.0,weekly_mf.py
2019-01-11,sell,10.05,6112,0.0,weekly_mf.py
2019-01-14,buy,10.06,6106,0.0,weekly_mf.py
2019-01-18,sell,10.43,6106,0.0,weekly_mf.py
2019-01-21,buy,10.35,6153,0.0,weekly_mf.py
2019-01-25,sell,10.5,6153,0.0,weekly_mf.py
2019-01-28,buy,10.42,6200,0.0,weekly_mf.py
2019-02-01,sell,10.77,6200,0.0,weekly_mf.py
2019-02-11,buy,10.7,6241,0.0,weekly_mf.py
2019-02-15,sell,10.66,6241,0.0,weekly_mf.py
2019-02-18,buy,10.84,6137,0.0,weekly_mf.py
2019-02-22,sell,11.01,6137,0.0,weekly_mf.py
2019-02-25,buy,11.92,5669,0.0,weekly_mf.py
2019-03-01,sell,12.02,5669,0.0,weekly_mf.py
2019-03-04,buy,12.02,5669,0.0,weekly_mf.py
2019-03-08,sell,11.5,5669,0.0,weekly_mf.py
2019-03-11,buy,11.47,5683,0.0,weekly_mf.py
2019-03-15,sell,11.43,5683,0.0,weekly_mf.py
2019-03-18,buy,11.59,5605,0.0,weekly_mf.py
2019-03-22,sell,11.39,5605,0.0,weekly_mf.py
2019-03-25,buy,11.03,5788,0.0,weekly_mf.py
2019-03-29,sell,11.28,5788,0.0,weekly_mf.py
2019-04-01,buy,11.44,5707,0.0,weekly_mf.py
2019-04-12,sell,11.49,5707,0.0,weekly_mf.py
2019-04-15,buy,11.47,5717,0.0,weekly_mf.py
2019-04-19,sell,12.01,5717,0.0,weekly_mf.py
2019-04-22,buy,11.71,5863,0.0,weekly_mf.py
2019-04-26,sell,11.32,5863,0.0,weekly_mf.py
2019-04-29,buy,11.48,5782,0.0,weekly_mf.py
2019-05-10,sell,11.32,5782,0.0,weekly_mf.py
2019-05-13,buy,11.31,5787,0.0,weekly_mf.py
2019-05-17,sell,11.24,5787,0.0,weekly_mf.py
2019-05-20,buy,11.34,5736,0.0,weekly_mf.py
2019-05-24,sell,11.11,5736,0.0,weekly_mf.py
2019-05-27,buy,11.22,5679,0.0,weekly_mf.py
2019-05-31,sell,11.13,5679,0.0,weekly_mf.py
2019-06-03,buy,11.28,5604,0.0,weekly_mf.py
2019-06-14,sell,11.79,5604,0.0,weekly_mf.py
2019-06-17,buy,11.77,5613,0.0,weekly_mf.py
2019-06-21,sell,12.09,5613,0.0,weekly_mf.py
2019-06-24,buy,12.03,5641,0.0,weekly_mf.py
2019-06-28,sell,11.68,5641,0.0,weekly_mf.py
2019-07-01,buy,11.71,5627,0.0,weekly_mf.py
2019-07-05,sell,11.57,5627,0.0,weekly_mf.py
2019-07-08,buy,11.36,5731,0.0,weekly_mf.py
2019-07-12,sell,11.52,5731,0.0,weekly_mf.py
2019-07-15,buy,11.5,5741,0.0,weekly_mf.py
2019-07-19,sell,11.58,5741,0.0,weekly_mf.py
2019-07-22,buy,11.48,5791,0.0,weekly_mf.py
2019-07-26,sell,11.87,5791,0.0,weekly_mf.py
2019-07-29,buy,11.86,5796,0.0,weekly_mf.py
2019-08-02,sell,11.48,5796,0.0,weekly_mf.py
2019-08-05,buy,11.24,5920,0.0,weekly_mf.py
2019-08-09,sell,11.37,5920,0.0,weekly_mf.py
2019-08-12,buy,11.43,5889,0.0,weekly_mf.py
2019-08-16,sell,11.22,5889,0.0,weekly_mf.py
2019-08-19,buy,11.38,5806,0.0,weekly_mf.py
2019-08-23,sell,11.59,5806,0.0,weekly_mf.py
2019-08-26,buy,11.3,5955,0.0,weekly_mf.py
2019-08-30,sell,11.28,5955,0.0,weekly_mf.py
2019-09-02,buy,11.34,5923,0.0,weekly_mf.py
2019-09-06,sell,11.69,5923,0.0,weekly_mf.py
2019-09-09,buy,11.75,5893,0.0,weekly_mf.py
2019-09-20,sell,11.95,5893,0.0,weekly_mf.py
2019-09-23,buy,11.75,5993,0.0,weekly_mf.py
2019-09-27,sell,11.9,5993,0.0,weekly_mf.py
2019-09-30,buy,11.84,6024,0.0,weekly_mf.py
2019-10-11,sell,12.45,6024,0.0,weekly_mf.py
2019-10-14,buy,12.94,5796,0.0,weekly_mf.py
2019-10-18,sell,12.78,5796,0.0,weekly_mf.py
2019-10-21,buy,12.91,5737,0.0,weekly_mf.py
2019-10-25,sell,12.9,5737,0.0,weekly_mf.py
2019-10-28,buy,12.7,5828,0.0,weekly_mf.py
2019-11-01,sell,12.75,5828,0.0,weekly_mf.py
2019-11-04,buy,12.74,5832,0.0,weekly_mf.py
2019-11-08,sell,12.57,5832,0.0,weekly_mf.py
2019-11-11,buy,12.29,5965,0.0,weekly_mf.py
2019-11-15,sell,12.15,5965,0.0,weekly_mf.py
2019-11-18,buy,12.24,5921,0.0,weekly_mf.py
2019-11-22,sell,11.99,5921,0.0,weekly_mf.py
2019-11-25,buy,12.07,5882,0.0,weekly_mf.py
2019-11-29,sell,11.91,5882,0.0,weekly_mf.py
2019-12-02,buy,11.87,5902,0.0,weekly_mf.py
2019-12-06,sell,11.92,5902,0.0,weekly_mf.py
2019-12-09,buy,11.9,5912,0.0,weekly_mf.py
2019-12-13,sell,12.12,5912,0.0,weekly_mf.py
2019-12-16,buy,12.13,5907,0.0,weekly_mf.py
2019-12-20,sell,12.42,5907,0.0,weekly_mf.py
2019-12-23,buy,12.2,6013,0.0,weekly_mf.py
2019-12-27,sell,12.32,6013,0.0,weekly_mf.py
2019-12-30,buy,12.34,6004,0.0,weekly_mf.py
2020-01-03,sell,12.6,6004,0.0,weekly_mf.py
2020-01-06,buy,12.46,6071,0.0,weekly_mf.py
2020-01-10,sell,12.39,6071,0.0,weekly_mf.py
2020-01-13,buy,12.41,6061,0.0,weekly_mf.py
2020-01-17,sell,12.23,6061,0.0,weekly_mf.py
2020-01-20,buy,12.25,6051,0.0,weekly_mf.py
2020-02-07,sell,10.86,6051,0.0,weekly_mf.py
2020-02-10,buy,10.77,6102,0.0,weekly_mf.py
2020-02-14,sell,10.86,6102,0.0,weekly_mf.py
2020-02-17,buy,11.18,5927,0.0,weekly_mf.py
2020-02-21,sell,11.3,5927,0.0,weekly_mf.py
2020-02-24,buy,11.16,6002,0.0,weekly_mf.py
2020-02-28,sell,10.85,6002,0.0,weekly_mf.py
2020-03-02,buy,11.04,5898,0.0,weekly_mf.py
2020-03-06,sell,11.12,5898,0.0,weekly_mf.py
2020-03-09,buy,10.78,6084,0.0,weekly_mf.py
2020-03-13,sell,10.7,6084,0.0,weekly_mf.py
2020-03-16,buy,10.51,6194,0.0,weekly_mf.py
2020-03-20,sell,10.09,6194,0.0,weekly_mf.py
2020-03-23,buy,9.84,6352,0.0,weekly_mf.py
2020-03-27,sell,10.24,6352,0.0,weekly_mf.py
2020-03-30,buy,10.28,6327,0.0,weekly_mf.py
2020-04-03,sell,10.15,6327,0.0,weekly_mf.py
2020-04-13,buy,10.11,6352,0.0,weekly_mf.py
2020-04-17,sell,10.2,6352,0.0,weekly_mf.py
2020-04-20,buy,10.11,6409,0.0,weekly_mf.py
2020-04-24,sell,10.06,6409,0.0,weekly_mf.py
2020-04-27,buy,10.34,6235,0.0,weekly_mf.py
2020-05-08,sell,10.44,6235,0.0,weekly_mf.py
2020-05-11,buy,10.43,6241,0.0,weekly_mf.py
2020-05-15,sell,10.28,6241,0.0,weekly_mf.py
2020-05-18,buy,10.32,6217,0.0,weekly_mf.py
2020-05-22,sell,10.14,6217,0.0,weekly_mf.py
2020-05-25,buy,10.27,6138,0.0,weekly_mf.py
2020-05-29,sell,10.57,6138,0.0,weekly_mf.py
2020-06-01,buy,10.65,6092,0.0,weekly_mf.py
2020-06-05,sell,10.67,6092,0.0,weekly_mf.py
2020-06-08,buy,10.61,6127,0.0,weekly_mf.py
2020-06-12,sell,10.55,6127,0.0,weekly_mf.py
2020-06-15,buy,10.35,6245,0.0,weekly_mf.py
2020-06-19,sell,10.61,6245,0.0,weekly_mf.py
2020-06-22,buy,10.55,6281,0.0,weekly_mf.py
2020-07-03,sell,11.19,6281,0.0,weekly_mf.py
2020-07-06,buy,12.2,5761,0.0,weekly_mf.py
2020-07-10,sell,11.6,5761,0.0,weekly_mf.py
2020-07-13,buy,11.66,5731,0.0,weekly_mf.py
2020-07-17,sell,11.27,5731,0.0,weekly_mf.py
2020-07-20,buy,11.52,5607,0.0,weekly_mf.py
2020-07-24,sell,10.42,5607,0.0,weekly_mf.py
2020-07-27,buy,10.37,5634,0.0,weekly_mf.py
2020-07-31,sell,10.36,5634,0.0,weekly_mf.py
2020-08-03,buy,10.41,5607,0.0,weekly_mf.py
2020-08-07,sell,10.43,5607,0.0,weekly_mf.py
2020-08-10,buy,10.52,5559,0.0,weekly_mf.py
2020-08-14,sell,10.59,5559,0.0,weekly_mf.py
2020-08-17,buy,10.84,5430,0.0,weekly_mf.py
2020-08-21,sell,10.5,5430,0.0,weekly_mf.py
2020-08-24,buy,10.46,5451,0.0,weekly_mf.py
2020-08-28,sell,10.46,5451,0.0,weekly_mf.py
2020-08-31,buy,10.36,5504,0.0,weekly_mf.py
2020-09-04,sell,10.07,5504,0.0,weekly_mf.py
2020-09-07,buy,10.01,5537,0.0,weekly_mf.py
2020-09-11,sell,9.92,5537,0.0,weekly_mf.py
2020-09-14,buy,9.9,5548,0.0,weekly_mf.py
2020-09-18,sell,9.94,5548,0.0,weekly_mf.py
2020-09-21,buy,9.84,5604,0.0,weekly_mf.py
2020-09-25,sell,9.47,5604,0.0,weekly_mf.py
2020-09-28,buy,9.46,5610,0.0,weekly_mf.py
2020-10-09,sell,9.42,5610,0.0,weekly_mf.py
2020-10-12,buy,9.59,5511,0.0,weekly_mf.py
2020-10-16,sell,9.72,5511,0.0,weekly_mf.py
2020-10-19,buy,9.65,5551,0.0,weekly_mf.py
2020-10-23,sell,9.7,5551,0.0,weekly_mf.py
2020-10-26,buy,9.6,5609,0.0,weekly_mf.py
2020-10-30,sell,9.26,5609,0.0,weekly_mf.py
2020-11-02,buy,9.25,5615,0.0,weekly_mf.py
2020-11-06,sell,9.39,5615,0.0,weekly_mf.py
2020-11-09,buy,9.43,5591,0.0,weekly_mf.py
2020-11-13,sell,9.36,5591,0.0,weekly_mf.py
2020-11-16,buy,9.45,5538,0.0,weekly_mf.py
2020-11-20,sell,9.67,5538,0.0,weekly_mf.py
2020-11-23,buy,9.9,5409,0.0,weekly_mf.py
2020-11-27,sell,10.2,5409,0.0,weekly_mf.py
2020-11-30,buy,10.06,5484,0.0,weekly_mf.py
2020-12-04,sell,10.17,5484,0.0,weekly_mf.py
2020-12-07,buy,9.99,5583,0.0,weekly_mf.py
2020-12-11,sell,9.7,5583,0.0,weekly_mf.py
2020-12-14,buy,9.75,5554,0.0,weekly_mf.py
2020-12-18,sell,9.76,5554,0.0,weekly_mf.py
2020-12-21,buy,9.75,5560,0.0,weekly_mf.py
2020-12-25,sell,9.58,5560,0.0,weekly_mf.py
2020-12-28,buy,9.57,5566,0.0,weekly_mf.py
2021-01-08,sell,9.83,5566,0.0,weekly_mf.py
2021-01-11,buy,9.69,5646,0.0,weekly_mf.py
2021-01-15,sell,9.92,5646,0.0,weekly_mf.py
2021-01-18,buy,10.08,5557,0.0,weekly_mf.py
2021-01-22,sell,9.79,5557,0.0,weekly_mf.py
2021-01-25,buy,9.72,5597,0.0,weekly_mf.py
2021-01-29,sell,9.96,5597,0.0,weekly_mf.py
2021-02-01,buy,10.44,5339,0.0,weekly_mf.py
2021-02-05,sell,10.72,5339,0.0,weekly_mf.py
2021-02-08,buy,10.72,5339,0.0,weekly_mf.py
2021-02-19,sell,10.97,5339,0.0,weekly_mf.py
2021-02-22,buy,10.71,5469,0.0,weekly_mf.py
2021-02-26,sell,10.54,5469,0.0,weekly_mf.py
2021-03-01,buy,10.58,5448,0.0,weekly_mf.py
2021-03-05,sell,10.86,5448,0.0,weekly_mf.py
2021-03-08,buy,10.75,5504,0.0,weekly_mf.py
2021-03-12,sell,10.9,5504,0.0,weekly_mf.py
2021-03-15,buy,11.12,5395,0.0,weekly_mf.py
2021-03-19,sell,10.65,5395,0.0,weekly_mf.py
2021-03-22,buy,10.75,5345,0.0,weekly_mf.py
2021-03-26,sell,10.62,5345,0.0,weekly_mf.py
2021-03-29,buy,10.48,5416,0.0,weekly_mf.py
2021-04-02,sell,10.76,5416,0.0,weekly_mf.py
2021-04-12,buy,10.73,5431,0.0,weekly_mf.py
2021-04-16,sell,10.54,5431,0.0,weekly_mf.py
2021-04-19,buy,10.58,5411,0.0,weekly_mf.py
2021-04-23,sell,10.43,5411,0.0,weekly_mf.py
2021-04-26,buy,10.3,5479,0.0,weekly_mf.py
2021-04-30,sell,10.05,5479,0.0,weekly_mf.py
2021-05-10,buy,9.95,5534,0.0,weekly_mf.py
2021-05-14,sell,10.19,5534,0.0,weekly_mf.py
2021-05-17,buy,10.21,5524,0.0,weekly_mf.py
2021-05-21,sell,10.09,5524,0.0,weekly_mf.py
2021-05-24,buy,10.09,5524,0.0,weekly_mf.py
2021-05-28,sell,10.35,5524,0.0,weekly_mf.py
2021-05-31,buy,10.27,5567,0.0,weekly_mf.py
2021-06-04,sell,10.23,5567,0.0,weekly_mf.py
2021-06-07,buy,10.23,5567,0.0,weekly_mf.py
2021-06-11,sell,10.17,5567,0.0,weekly_mf.py
2021-06-21,buy,10.04,5639,0.0,weekly_mf.py
2021-06-25,sell,10.08,5639,0.0,weekly_mf.py
2021-06-28,buy,10.01,5678,0.0,weekly_mf.py
2021-07-02,sell,9.93,5678,0.0,weekly_mf.py
2021-07-05,buy,9.92,5684,0.0,weekly_mf.py
2021-07-09,sell,9.91,5684,0.0,weekly_mf.py
2021-07-12,buy,9.91,5684,0.0,weekly_mf.py
2021-07-16,sell,9.98,5684,0.0,weekly_mf.py
2021-07-19,buy,10.01,5667,0.0,weekly_mf.py
2021-07-23,sell,9.58,5667,0.0,weekly_mf.py
2021-07-26,buy,9.34,5812,0.0,weekly_mf.py
2021-07-30,sell,9.03,5812,0.0,weekly_mf.py
2021-08-02,buy,9.13,5749,0.0,weekly_mf.py
2021-08-06,sell,9.08,5749,0.0,weekly_mf.py
2021-08-09,buy,9.17,5692,0.0,weekly_mf.py
2021-08-13,sell,9.18,5692,0.0,weekly_mf.py
2021-08-16,buy,9.22,5668,0.0,weekly_mf.py
2021-08-20,sell,9.27,5668,0.0,weekly_mf.py
2021-08-23,buy,9.2,5711,0.0,weekly_mf.py
2021-08-27,sell,9.17,5711,0.0,weekly_mf.py
2021-08-30,buy,8.96,5845,0.0,weekly_mf.py
2021-09-03,sell,9.24,5845,0.0,weekly_mf.py
2021-09-06,buy,9.21,5864,0.0,weekly_mf.py
2021-09-10,sell,9.41,5864,0.0,weekly_mf.py
2021-09-13,buy,9.39,5876,0.0,weekly_mf.py
2021-09-17,sell,9.11,5876,0.0,weekly_mf.py
2021-09-27,buy,9.02,5935,0.0,weekly_mf.py
2021-10-08,sell,9.08,5935,0.0,weekly_mf.py
2021-10-11,buy,9.15,5889,0.0,weekly_mf.py
2021-10-15,sell,9.07,5889,0.0,weekly_mf.py
2021-10-18,buy,9.02,5922,0.0,weekly_mf.py
2021-10-22,sell,9.07,5922,0.0,weekly_mf.py
2021-10-25,buy,9.03,5948,0.0,weekly_mf.py
2021-10-29,sell,8.94,5948,0.0,weekly_mf.py
2021-11-01,buy,8.72,6098,0.0,weekly_mf.py
2021-11-05,sell,8.53,6098,0.0,weekly_mf.py
2021-11-08,buy,8.49,6127,0.0,weekly_mf.py
2021-11-12,sell,8.65,6127,0.0,weekly_mf.py
2021-11-15,buy,8.75,6057,0.0,weekly_mf.py
2021-11-19,sell,8.65,6057,0.0,weekly_mf.py
2021-11-22,buy,8.6,6092,0.0,weekly_mf.py
2021-11-26,sell,8.56,6092,0.0,weekly_mf.py
2021-11-29,buy,8.59,6071,0.0,weekly_mf.py
2021-12-03,sell,8.59,6071,0.0,weekly_mf.py
2021-12-06,buy,8.6,6064,0.0,weekly_mf.py
2021-12-10,sell,8.77,6064,0.0,weekly_mf.py
2021-12-13,buy,8.65,6148,0.0,weekly_mf.py
2021-12-17,sell,8.56,6148,0.0,weekly_mf.py
2021-12-20,buy,8.58,6134,0.0,weekly_mf.py
2021-12-24,sell,8.54,6134,0.0,weekly_mf.py
2021-12-27,buy,8.56,6119,0.0,weekly_mf.py
2021-12-31,sell,8.53,6119,0.0,weekly_mf.py
2022-01-10,buy,8.72,5986,0.0,weekly_mf.py
2022-01-14,sell,8.59,5986,0.0,weekly_mf.py
2022-01-17,buy,8.57,6000,0.0,weekly_mf.py
2022-01-21,sell,8.76,6000,0.0,weekly_mf.py
2022-01-24,buy,8.69,6048,0.0,weekly_mf.py
2022-01-28,sell,8.41,6048,0.0,weekly_mf.py
2022-02-07,buy,8.52,5970,0.0,weekly_mf.py
2022-02-11,sell,8.74,5970,0.0,weekly_mf.py
2022-02-14,buy,8.6,6068,0.0,weekly_mf.py
2022-02-18,sell,8.67,6068,0.0,weekly_mf.py
2022-02-21,buy,8.6,6117,0.0,weekly_mf.py
2022-02-25,sell,8.43,6117,0.0,weekly_mf.py
2022-02-28,buy,8.39,6146,0.0,weekly_mf.py
2022-03-04,sell,8.4,6146,0.0,weekly_mf.py
2022-03-07,buy,8.29,6228,0.0,weekly_mf.py
2022-03-11,sell,8.01,6228,0.0,weekly_mf.py
2022-03-14,buy,7.91,6306,0.0,weekly_mf.py
2022-03-18,sell,7.9,6306,0.0,weekly_mf.py
2022-03-21,buy,7.76,6420,0.0,weekly_mf.py
2022-03-25,sell,7.8,6420,0.0,weekly_mf.py
2022-03-28,buy,7.86,6371,0.0,weekly_mf.py
2022-04-01,sell,8.07,6371,0.0,weekly_mf.py
2022-04-11,buy,8.01,6419,0.0,weekly_mf.py
2022-04-15,sell,8.15,6419,0.0,weekly_mf.py
2022-04-18,buy,8.03,6515,0.0,weekly_mf.py
2022-04-22,sell,8.09,6515,0.0,weekly_mf.py
2022-04-25,buy,7.82,6740,0.0,weekly_mf.py
2022-04-29,sell,8.03,6740,0.0,weekly_mf.py
2022-05-09,buy,7.82,6921,0.0,weekly_mf.py
2022-05-13,sell,8.05,6921,0.0,weekly_mf.py
2022-05-16,buy,7.97,6990,0.0,weekly_mf.py
2022-05-20,sell,8.04,6990,0.0,weekly_mf.py
2022-05-23,buy,7.95,7069,0.0,weekly_mf.py
2022-05-27,sell,8.0,7069,0.0,weekly_mf.py
2022-05-30,buy,7.88,7177,0.0,weekly_mf.py
2022-06-10,sell,7.93,7177,0.0,weekly_mf.py
2022-06-13,buy,7.77,7325,0.0,weekly_mf.py
2022-06-17,sell,7.97,7325,0.0,weekly_mf.py
2022-06-20,buy,7.91,7380,0.0,weekly_mf.py
2022-06-24,sell,7.95,7380,0.0,weekly_mf.py
2022-06-27,buy,7.97,7362,0.0,weekly_mf.py
2022-07-01,sell,7.99,7362,0.0,weekly_mf.py
2022-07-04,buy,7.96,7390,0.0,weekly_mf.py
2022-07-08,sell,7.88,7390,0.0,weekly_mf.py
2022-07-11,buy,7.87,7399,0.0,weekly_mf.py
2022-07-15,sell,7.67,7399,0.0,weekly_mf.py
2022-07-18,buy,7.79,7285,0.0,weekly_mf.py
2022-07-22,sell,7.35,7285,0.0,weekly_mf.py
2022-07-25,buy,7.35,7285,0.0,weekly_mf.py
2022-07-29,sell,7.26,7285,0.0,weekly_mf.py
2022-08-01,buy,7.23,7315,0.0,weekly_mf.py
2022-08-05,sell,7.15,7315,0.0,weekly_mf.py
2022-08-08,buy,7.12,7346,0.0,weekly_mf.py
2022-08-12,sell,7.24,7346,0.0,weekly_mf.py
2022-08-15,buy,7.21,7377,0.0,weekly_mf.py
2022-08-19,sell,7.2,7377,0.0,weekly_mf.py
2022-08-22,buy,7.23,7346,0.0,weekly_mf.py
2022-08-26,sell,7.22,7346,0.0,weekly_mf.py
2022-08-29,buy,7.15,7418,0.0,weekly_mf.py
2022-09-02,sell,7.21,7418,0.0,weekly_mf.py
2022-09-05,buy,7.26,7367,0.0,weekly_mf.py
2022-09-09,sell,7.31,7367,0.0,weekly_mf.py
2022-09-19,buy,7.16,7521,0.0,weekly_mf.py
2022-09-23,sell,7.16,7521,0.0,weekly_mf.py
2022-09-26,buy,7.06,7628,0.0,weekly_mf.py
2022-09-30,sell,7.04,7628,0.0,weekly_mf.py
2022-10-10,buy,7.03,7639,0.0,weekly_mf.py
2022-10-14,sell,7.03,7639,0.0,weekly_mf.py
2022-10-17,buy,7.02,7649,0.0,weekly_mf.py
2022-10-21,sell,6.92,7649,0.0,weekly_mf.py
2022-10-24,buy,6.81,7773,0.0,weekly_mf.py
2022-10-28,sell,6.8,7773,0.0,weekly_mf.py
2022-10-31,buy,6.64,7960,0.0,weekly_mf.py
2022-11-04,sell,6.79,7960,0.0,weekly_mf.py
2022-11-07,buy,6.81,7937,0.0,weekly_mf.py
2022-11-11,sell,6.94,7937,0.0,weekly_mf.py
2022-11-14,buy,7.03,7835,0.0,weekly_mf.py
2022-11-18,sell,6.91,7835,0.0,weekly_mf.py
2022-11-21,buy,6.88,7870,0.0,weekly_mf.py
2022-11-25,sell,7.17,7870,0.0,weekly_mf.py
2022-11-28,buy,7.07,7981,0.0,weekly_mf.py
2022-12-02,sell,7.23,7981,0.0,weekly_mf.py
2022-12-05,buy,7.36,7840,0.0,weekly_mf.py
2022-12-09,sell,7.32,7840,0.0,weekly_mf.py
2022-12-12,buy,7.26,7905,0.0,weekly_mf.py
2022-12-16,sell,7.35,7905,0.0,weekly_mf.py
2022-12-19,buy,7.24,8025,0.0,weekly_mf.py
2022-12-23,sell,7.19,8025,0.0,weekly_mf.py
2022-12-26,buy,7.1,8126,0.0,weekly_mf.py
2022-12-30,sell,7.28,8126,0.0,weekly_mf.py
2023-01-09,buy,7.34,8060,0.0,weekly_mf.py
2023-01-13,sell,7.34,8060,0.0,weekly_mf.py
2023-01-16,buy,7.33,8071,0.0,weekly_mf.py
2023-01-20,sell,7.36,8071,0.0,weekly_mf.py
2023-01-30,buy,7.4,8027,0.0,weekly_mf.py
2023-02-03,sell,7.27,8027,0.0,weekly_mf.py
2023-02-06,buy,7.25,8050,0.0,weekly_mf.py
2023-02-10,sell,7.24,8050,0.0,weekly_mf.py
2023-02-13,buy,7.23,8061,0.0,weekly_mf.py
2023-02-17,sell,7.13,8061,0.0,weekly_mf.py
2023-02-20,buy,7.26,7916,0.0,weekly_mf.py
2023-02-24,sell,7.18,7916,0.0,weekly_mf.py
2023-02-27,buy,7.16,7938,0.0,weekly_mf.py
2023-03-03,sell,7.35,7938,0.0,weekly_mf.py
2023-03-06,buy,7.33,7960,0.0,weekly_mf.py
2023-03-10,sell,7.15,7960,0.0,weekly_mf.py
2023-03-13,buy,7.06,8062,0.0,weekly_mf.py
2023-03-17,sell,7.11,8062,0.0,weekly_mf.py
2023-03-20,buy,7.13,8039,0.0,weekly_mf.py
2023-03-24,sell,7.21,8039,0.0,weekly_mf.py
2023-03-27,buy,7.15,8106,0.0,weekly_mf.py
2023-03-31,sell,7.19,8106,0.0,weekly_mf.py
2023-04-03,buy,7.19,8106,0.0,weekly_mf.py
2023-04-07,sell,7.23,8106,0.0,weekly_mf.py
2023-04-10,buy,7.21,8129,0.0,weekly_mf.py
2023-04-14,sell,7.27,8129,0.0,weekly_mf.py
2023-04-17,buy,7.39,7997,0.0,weekly_mf.py
2023-04-21,sell,7.59,7997,0.0,weekly_mf.py
2023-04-24,buy,7.49,8104,0.0,weekly_mf.py
2023-04-28,sell,7.6,8104,0.0,weekly_mf.py
2023-05-08,buy,8.07,7632,0.0,weekly_mf.py
2023-05-12,sell,7.62,7632,0.0,weekly_mf.py
2023-05-15,buy,7.69,7562,0.0,weekly_mf.py
2023-05-19,sell,7.54,7562,0.0,weekly_mf.py
2023-05-22,buy,7.54,7562,0.0,weekly_mf.py
2023-05-26,sell,7.32,7562,0.0,weekly_mf.py
2023-05-29,buy,7.41,7470,0.0,weekly_mf.py
2023-06-02,sell,7.35,7470,0.0,weekly_mf.py
2023-06-05,buy,7.41,7410,0.0,weekly_mf.py
2023-06-09,sell,7.56,7410,0.0,weekly_mf.py
2023-06-12,buy,7.43,7540,0.0,weekly_mf.py
2023-06-16,sell,7.43,7540,0.0,weekly_mf.py
2023-06-19,buy,7.34,7632,0.0,weekly_mf.py
2023-06-30,sell,7.24,7632,0.0,weekly_mf.py
2023-07-03,buy,7.32,7549,0.0,weekly_mf.py
2023-07-07,sell,7.22,7549,0.0,weekly_mf.py
2023-07-10,buy,7.22,7549,0.0,weekly_mf.py
2023-07-14,sell,7.44,7549,0.0,weekly_mf.py
2023-07-17,buy,7.42,7569,0.0,weekly_mf.py
2023-07-21,sell,7.12,7569,0.0,weekly_mf.py
2023-07-24,buy,7.13,7558,0.0,weekly_mf.py
2023-07-28,sell,7.5,7558,0.0,weekly_mf.py
2023-07-31,buy,7.6,7459,0.0,weekly_mf.py
2023-08-04,sell,7.58,7459,0.0,weekly_mf.py
2023-08-07,buy,7.52,7518,0.0,weekly_mf.py
2023-08-11,sell,7.23,7518,0.0,weekly_mf.py
2023-08-14,buy,7.1,7656,0.0,weekly_mf.py
2023-08-18,sell,7.07,7656,0.0,weekly_mf.py
2023-08-21,buy,6.96,7777,0.0,weekly_mf.py
2023-08-25,sell,7.05,7777,0.0,weekly_mf.py
2023-08-28,buy,7.15,7668,0.0,weekly_mf.py
2023-09-01,sell,7.01,7668,0.0,weekly_mf.py
2023-09-04,buy,7.11,7560,0.0,weekly_mf.py
2023-09-08,sell,7.0,7560,0.0,weekly_mf.py
2023-09-11,buy,7.04,7518,0.0,weekly_mf.py
2023-09-15,sell,7.12,7518,0.0,weekly_mf.py
2023-09-18,buy,7.07,7571,0.0,weekly_mf.py
2023-09-22,sell,7.18,7571,0.0,weekly_mf.py
2023-09-25,buy,7.16,7592,0.0,weekly_mf.py
2023-10-13,sell,7.1,7592,0.0,weekly_mf.py
2023-10-16,buy,7.07,7624,0.0,weekly_mf.py
2023-10-20,sell,6.87,7624,0.0,weekly_mf.py
2023-10-23,buy,6.83,7669,0.0,weekly_mf.py
2023-10-27,sell,6.99,7669,0.0,weekly_mf.py
2023-10-30,buy,6.8,7883,0.0,weekly_mf.py
2023-11-03,sell,6.89,7883,0.0,weekly_mf.py
2023-11-06,buy,6.94,7826,0.0,weekly_mf.py
2023-11-10,sell,6.88,7826,0.0,weekly_mf.py
2023-11-13,buy,6.88,7826,0.0,weekly_mf.py
2023-11-17,sell,6.86,7826,0.0,weekly_mf.py
2023-11-20,buy,6.91,7770,0.0,weekly_mf.py
2023-11-24,sell,6.95,7770,0.0,weekly_mf.py
2023-11-27,buy,6.9,7826,0.0,weekly_mf.py
2023-12-01,sell,6.85,7826,0.0,weekly_mf.py
2023-12-04,buy,6.81,7872,0.0,weekly_mf.py
2023-12-08,sell,6.67,7872,0.0,weekly_mf.py
2023-12-11,buy,6.72,7813,0.0,weekly_mf.py
2023-12-15,sell,6.57,7813,0.0,weekly_mf.py
2023-12-18,buy,6.58,7801,0.0,weekly_mf.py
2023-12-22,sell,6.58,7801,0.0,weekly_mf.py
2023-12-25,buy,6.58,7801,0.0,weekly_mf.py
2023-12-29,sell,6.62,7801,0.0,weekly_mf.py
2024-01-08,buy,6.59,7837,0.0,weekly_mf.py
2024-01-12,sell,6.5,7837,0.0,weekly_mf.py
2024-01-15,buy,6.51,7825,0.0,weekly_mf.py
2024-01-19,sell,6.59,7825,0.0,weekly_mf.py
2024-01-22,buy,6.59,7825,0.0,weekly_mf.py
2024-01-26,sell,6.87,7825,0.0,weekly_mf.py
2024-01-29,buy,6.9,7791,0.0,weekly_mf.py
2024-02-02,sell,6.84,7791,0.0,weekly_mf.py
2024-02-05,buy,6.89,7734,0.0,weekly_mf.py
2024-02-23,sell,7.28,7734,0.0,weekly_mf.py
2024-02-26,buy,7.1,7930,0.0,weekly_mf.py
2024-03-01,sell,7.11,7930,0.0,weekly_mf.py
2024-03-04,buy,7.07,7975,0.0,weekly_mf.py
2024-03-08,sell,7.12,7975,0.0,weekly_mf.py
2024-03-11,buy,7.11,7986,0.0,weekly_mf.py
2024-03-15,sell,7.09,7986,0.0,weekly_mf.py
2024-03-18,buy,7.09,7986,0.0,weekly_mf.py
2024-03-22,sell,7.04,7986,0.0,weekly_mf.py
2024-03-25,buy,7.06,7964,0.0,weekly_mf.py
2024-03-29,sell,7.13,7964,0.0,weekly_mf.py
2024-04-01,buy,7.23,7854,0.0,weekly_mf.py
2024-04-12,sell,7.13,7854,0.0,weekly_mf.py
2024-04-15,buy,7.3,7671,0.0,weekly_mf.py
2024-04-19,sell,7.34,7671,0.0,weekly_mf.py
2024-04-22,buy,7.29,7723,0.0,weekly_mf.py
2024-04-26,sell,7.42,7723,0.0,weekly_mf.py
2024-04-29,buy,7.42,7723,0.0,weekly_mf.py
2024-05-10,sell,7.94,7723,0.0,weekly_mf.py
2024-05-13,buy,7.96,7704,0.0,weekly_mf.py
2024-05-17,sell,8.16,7704,0.0,weekly_mf.py
2024-05-20,buy,8.32,7556,0.0,weekly_mf.py
2024-05-24,sell,8.44,7556,0.0,weekly_mf.py
2024-05-27,buy,8.54,7467,0.0,weekly_mf.py
2024-05-31,sell,8.34,7467,0.0,weekly_mf.py
2024-06-03,buy,8.28,7521,0.0,weekly_mf.py
2024-06-07,sell,8.31,7521,0.0,weekly_mf.py
2024-06-17,buy,8.1,7716,0.0,weekly_mf.py
2024-06-21,sell,8.17,7716,0.0,weekly_mf.py
2024-06-24,buy,8.15,7735,0.0,weekly_mf.py
2024-06-28,sell,8.23,7735,0.0,weekly_mf.py
2024-07-01,buy,8.28,7689,0.0,weekly_mf.py
2024-07-05,sell,8.34,7689,0.0,weekly_mf.py
2024-07-08,buy,8.43,7607,0.0,weekly_mf.py
2024-07-12,sell,8.84,7607,0.0,weekly_mf.py
2024-07-15,buy,8.88,7572,0.0,weekly_mf.py
2024-07-19,sell,8.73,7572,0.0,weekly_mf.py
2024-07-22,buy,8.58,7705,0.0,weekly_mf.py
2024-07-26,sell,8.33,7705,0.0,weekly_mf.py
2024-07-29,buy,8.53,7524,0.0,weekly_mf.py
2024-08-02,sell,8.47,7524,0.0,weekly_mf.py
2024-08-05,buy,8.38,7605,0.0,weekly_mf.py
2024-08-09,sell,8.53,7605,0.0,weekly_mf.py
2024-08-12,buy,8.58,7560,0.0,weekly_mf.py
2024-08-16,sell,8.85,7560,0.0,weekly_mf.py
2024-08-19,buy,9.02,7418,0.0,weekly_mf.py
2024-08-23,sell,9.0,7418,0.0,weekly_mf.py
2024-08-26,buy,8.88,7518,0.0,weekly_mf.py
2024-08-30,sell,8.43,7518,0.0,weekly_mf.py
2024-09-02,buy,8.39,7554,0.0,weekly_mf.py
2024-09-06,sell,8.43,7554,0.0,weekly_mf.py
2024-09-09,buy,8.38,7599,0.0,weekly_mf.py
2024-09-13,sell,8.35,7599,0.0,weekly_mf.py
2024-09-23,buy,8.63,7353,0.0,weekly_mf.py
2024-09-27,sell,9.87,7353,0.0,weekly_mf.py
2024-09-30,buy,10.13,7164,0.0,weekly_mf.py
2024-10-11,sell,10.16,7164,0.0,weekly_mf.py
2024-10-14,buy,10.4,6999,0.0,weekly_mf.py
2024-10-18,sell,10.15,6999,0.0,weekly_mf.py
2024-10-21,buy,10.16,6992,0.0,weekly_mf.py
2024-10-25,sell,10.08,6992,0.0,weekly_mf.py
2024-10-28,buy,10.06,7006,0.0,weekly_mf.py
2024-11-01,sell,9.94,7006,0.0,weekly_mf.py
2024-11-04,buy,9.99,6970,0.0,weekly_mf.py
2024-11-08,sell,10.06,6970,0.0,weekly_mf.py
2024-11-11,buy,9.72,7214,0.0,weekly_mf.py
2024-11-15,sell,9.54,7214,0.0,weekly_mf.py
2024-11-18,buy,9.83,7001,0.0,weekly_mf.py
2024-11-22,sell,9.48,7001,0.0,weekly_mf.py
2024-11-25,buy,9.33,7114,0.0,weekly_mf.py
2024-11-29,sell,9.46,7114,0.0,weekly_mf.py
2024-12-02,buy,9.49,7092,0.0,weekly_mf.py
2024-12-06,sell,9.7,7092,0.0,weekly_mf.py
2024-12-09,buy,9.66,7121,0.0,weekly_mf.py
2024-12-13,sell,9.66,7121,0.0,weekly_mf.py
2024-12-16,buy,9.64,7136,0.0,weekly_mf.py
2024-12-20,sell,9.58,7136,0.0,weekly_mf.py
2024-12-23,buy,9.93,6884,0.0,weekly_mf.py
2024-12-27,sell,10.36,6884,0.0,weekly_mf.py
2024-12-30,buy,10.47,6812,0.0,weekly_mf.py
2025-01-03,sell,10.06,6812,0.0,weekly_mf.py
2025-01-06,buy,10.15,6751,0.0,weekly_mf.py
2025-01-10,sell,10.13,6751,0.0,weekly_mf.py
2025-01-13,buy,10.0,6839,0.0,weekly_mf.py
2025-01-17,sell,10.27,6839,0.0,weekly_mf.py
2025-01-20,buy,10.37,6773,0.0,weekly_mf.py
2025-01-24,sell,10.39,6773,0.0,weekly_mf.py
2025-01-27,buy,10.65,6608,0.0,weekly_mf.py
2025-02-07,sell,10.34,6608,0.0,weekly_mf.py
2025-02-10,buy,10.27,6653,0.0,weekly_mf.py
2025-02-14,sell,10.41,6653,0.0,weekly_mf.py
2025-02-17,buy,10.27,6744,0.0,weekly_mf.py
2025-02-21,sell,10.29,6744,0.0,weekly_mf.py
2025-02-24,buy,10.21,6796,0.0,weekly_mf.py
2025-02-28,sell,10.17,6796,0.0,weekly_mf.py
2025-03-03,buy,10.15,6810,0.0,weekly_mf.py
2025-03-07,sell,10.14,6810,0.0,weekly_mf.py
2025-03-10,buy,10.1,6837,0.0,weekly_mf.py
2025-03-14,sell,10.42,6837,0.0,weekly_mf.py
2025-03-17,buy,10.6,6721,0.0,weekly_mf.py
2025-03-21,sell,10.47,6721,0.0,weekly_mf.py
2025-03-24,buy,10.61,6632,0.0,weekly_mf.py
2025-03-28,sell,10.44,6632,0.0,weekly_mf.py
2025-03-31,buy,10.43,6638,0.0,weekly_mf.py
2025-04-11,sell,10.07,6638,0.0,weekly_mf.py
2025-04-14,buy,10.18,6567,0.0,weekly_mf.py
2025-04-18,sell,10.81,6567,0.0,weekly_mf.py
2025-04-21,buy,10.57,6716,0.0,weekly_mf.py
2025-04-25,sell,10.59,6716,0.0,weekly_mf.py
2025-04-28,buy,10.74,6622,0.0,weekly_mf.py
2025-05-09,sell,11.8,6622,0.0,weekly_mf.py
2025-05-12,buy,11.71,6673,0.0,weekly_mf.py
2025-05-16,sell,12.1,6673,0.0,weekly_mf.py
2025-05-19,buy,12.1,6673,0.0,weekly_mf.py
2025-05-23,sell,12.23,6673,0.0,weekly_mf.py
2025-05-26,buy,12.05,6773,0.0,weekly_mf.py
2025-05-30,sell,12.33,6773,0.0,weekly_mf.py
2025-06-09,buy,12.31,6784,0.0,weekly_mf.py
2025-06-13,sell,12.34,6784,0.0,weekly_mf.py
2025-06-16,buy,12.58,6654,0.0,weekly_mf.py
2025-06-20,sell,13.02,6654,0.0,weekly_mf.py
2025-06-23,buy,13.31,6509,0.0,weekly_mf.py
2025-06-27,sell,13.55,6509,0.0,weekly_mf.py
2025-06-30,buy,13.88,6354,0.0,weekly_mf.py
2025-07-04,sell,14.58,6354,0.0,weekly_mf.py
2025-07-07,buy,14.6,6346,0.0,weekly_mf.py
2025-07-11,sell,13.8,6346,0.0,weekly_mf.py
2025-07-14,buy,14.11,6206,0.0,weekly_mf.py
2025-07-18,sell,13.46,6206,0.0,weekly_mf.py
2025-07-21,buy,13.48,6197,0.0,weekly_mf.py
2025-07-25,sell,13.07,6197,0.0,weekly_mf.py
2025-07-28,buy,13.08,6192,0.0,weekly_mf.py
2025-08-01,sell,12.92,6192,0.0,weekly_mf.py
2025-08-04,buy,13.13,6093,0.0,weekly_mf.py
2025-08-08,sell,14.17,6093,0.0,weekly_mf.py
2025-08-11,buy,13.98,6176,0.0,weekly_mf.py
2025-08-15,sell,13.59,6176,0.0,weekly_mf.py
2025-08-18,buy,13.64,6153,0.0,weekly_mf.py
2025-08-22,sell,13.94,6153,0.0,weekly_mf.py
2025-08-25,buy,14.03,6114,0.0,weekly_mf.py
2025-08-29,sell,13.78,6114,0.0,weekly_mf.py
